Date,Adj Close,Close,High,Low,Open,Volume
2021-07-23,1838.331298828125,1889.25,1970.0,1885.0,1929.8499755859375,396771
2021-07-26,1808.4100341796875,1858.5,1901.0,1845.800048828125,1890.9000244140625,381916
2021-07-27,1753.9193115234375,1802.5,1870.0,1796.75,1860.0,466123
2021-07-28,1743.361572265625,1791.6500244140625,1845.0,1775.0,1809.0,343448
2021-07-29,1765.839111328125,1814.75,1826.8499755859375,1762.0,1800.0,254104
2021-07-30,1800.7716064453125,1850.6500244140625,1861.9000244140625,1811.75,1815.0,255158
2021-08-02,1815.5618896484375,1865.8499755859375,1881.1500244140625,1836.5,1869.949951171875,199500
2021-08-03,1822.373291015625,1872.8499755859375,1875.5,1845.050048828125,1872.0,146154
2021-08-04,1766.0823974609375,1815.0,1875.25,1800.0,1875.0,324668
2021-08-05,1770.1204833984375,1819.1500244140625,1845.9000244140625,1800.0,1826.0,207130
2021-08-06,1762.4822998046875,1811.300048828125,1843.0,1799.0999755859375,1823.5,155490
2021-08-09,1760.1468505859375,1808.9000244140625,1828.8499755859375,1800.0,1822.0,151628
2021-08-10,1767.8824462890625,1816.8499755859375,1858.800048828125,1802.6500244140625,1827.0,441811
2021-08-11,1758.0546875,1806.75,1842.449951171875,1795.0,1828.9000244140625,286015
2021-08-12,1760.876708984375,1809.6500244140625,1836.5,1804.050048828125,1819.4000244140625,161242
2021-08-13,1849.0347900390625,1900.25,1917.0,1815.1500244140625,1822.0,562355
2021-08-16,1869.37158203125,1921.1500244140625,1956.0999755859375,1901.25,1918.0,548973
2021-08-17,1869.031005859375,1920.800048828125,1945.300048828125,1912.0,1930.0,183084
2021-08-18,1853.5107421875,1904.8499755859375,1949.0,1890.0,1949.0,166172
2021-08-20,1832.2010498046875,1882.949951171875,1905.199951171875,1865.5,1872.0,196888
2021-08-23,1780.92138671875,1830.25,1914.699951171875,1810.699951171875,1896.0,247602
2021-08-24,1777.7103271484375,1826.949951171875,1850.75,1812.449951171875,1830.0,136045
2021-08-25,1814.102294921875,1864.3499755859375,1891.6500244140625,1826.949951171875,1828.0,229701
2021-08-26,1807.1937255859375,1857.25,1882.4000244140625,1832.050048828125,1880.75,187893
2021-08-27,1843.488525390625,1894.550048828125,1910.0999755859375,1850.050048828125,1856.0,336353
2021-08-30,1978.7420654296875,2033.550048828125,2048.0,1902.300048828125,1906.0,1745651
2021-08-31,2011.777099609375,2067.5,2124.300048828125,2039.0,2052.35009765625,1444108
2021-09-01,2069.332763671875,2126.64990234375,2164.0,2030.3499755859375,2086.050048828125,939984
2021-09-02,2152.47998046875,2212.10009765625,2222.0,2110.10009765625,2135.0,873118
2021-09-03,2172.135498046875,2232.300048828125,2249.0,2201.0,2220.0,573821
2021-09-06,2263.990966796875,2326.699951171875,2365.14990234375,2211.10009765625,2246.0,1155548
2021-09-07,2340.56982421875,2405.39990234375,2503.0,2332.449951171875,2344.39990234375,2044422
2021-09-08,2341.834716796875,2406.699951171875,2450.0,2385.050048828125,2405.0,696056
2021-09-09,2319.79541015625,2384.050048828125,2426.199951171875,2355.89990234375,2410.0,500919
2021-09-13,2376.524169921875,2442.35009765625,2482.0,2376.949951171875,2392.0,1088121
2021-09-14,2396.56884765625,2462.949951171875,2489.800048828125,2438.10009765625,2460.0,495313
2021-09-15,2386.741455078125,2452.85009765625,2488.300048828125,2423.0,2474.0,341663
2021-09-16,2376.475341796875,2442.300048828125,2481.85009765625,2430.0,2451.0,269835
2021-09-17,2438.215576171875,2505.75,2573.75,2442.5,2455.0,2205385
2021-09-20,2415.73779296875,2482.64990234375,2627.0,2462.699951171875,2529.800048828125,1756303
2021-09-21,2348.45166015625,2413.5,2533.5,2352.0,2503.60009765625,1181038
2021-09-22,2337.212890625,2401.949951171875,2475.64990234375,2370.0,2449.699951171875,705246
2021-09-23,2361.247314453125,2426.64990234375,2457.0,2413.35009765625,2423.699951171875,370665
2021-09-24,2344.705078125,2409.64990234375,2447.699951171875,2383.0,2442.0,336516
2021-09-27,2311.91357421875,2375.949951171875,2427.0,2360.050048828125,2427.0,309964
2021-09-28,2285.690185546875,2349.0,2404.10009765625,2321.0,2383.0,347504
2021-09-29,2275.035400390625,2338.050048828125,2355.0,2305.0,2339.89990234375,328673
2021-09-30,2324.612060546875,2389.0,2424.0,2332.0,2353.949951171875,571923
2021-10-01,2283.5009765625,2346.75,2387.0,2332.0,2387.0,313918
2021-10-04,2369.956298828125,2435.60009765625,2479.199951171875,2358.0,2358.800048828125,897779
2021-10-05,2383.189208984375,2449.199951171875,2469.64990234375,2410.25,2452.0,440162
2021-10-06,2311.718994140625,2375.75,2519.0,2350.0,2459.800048828125,943797
2021-10-07,2354.435791015625,2419.64990234375,2448.949951171875,2392.300048828125,2414.0,303313
2021-10-08,2461.6171875,2529.800048828125,2609.89990234375,2441.35009765625,2446.199951171875,2240290
2021-10-11,2467.69873046875,2536.050048828125,2648.0,2490.0,2540.0,1039290
2021-10-12,2485.7001953125,2554.550048828125,2589.800048828125,2495.75,2532.0,675128
2021-10-13,2464.925537109375,2533.199951171875,2578.89990234375,2506.0,2577.0,437183
2021-10-14,2494.068603515625,2563.14990234375,2610.0,2536.0,2559.0,524489
2021-10-18,2418.99755859375,2486.0,2619.449951171875,2466.0,2585.0,938163
2021-10-19,2309.48095703125,2373.449951171875,2521.0,2360.10009765625,2521.0,966581
2021-10-20,2232.318359375,2294.14990234375,2399.85009765625,2260.050048828125,2389.89990234375,808017
2021-10-21,2161.237060546875,2221.10009765625,2303.35009765625,2140.0,2300.300048828125,1340525
2021-10-22,2198.067138671875,2258.949951171875,2319.14990234375,2121.10009765625,2246.0,1953067
2021-10-25,2274.597412109375,2337.60009765625,2399.75,2230.0,2268.0,1601768
2021-10-26,2236.74560546875,2298.699951171875,2373.800048828125,2292.10009765625,2344.0,454181
2021-10-27,2226.431396484375,2288.10009765625,2320.0,2273.0,2319.949951171875,303551
2021-10-28,2207.89501953125,2269.050048828125,2322.699951171875,2260.0,2306.39990234375,298481
2021-10-29,2200.450927734375,2261.39990234375,2311.25,2196.39990234375,2240.0,366948
2021-11-01,2269.440185546875,2332.300048828125,2345.0,2280.0,2280.0,348745
2021-11-02,2306.951171875,2370.85009765625,2410.0,2345.050048828125,2346.0,486594
2021-11-03,2274.548828125,2337.550048828125,2390.0,2318.14990234375,2390.0,245311
2021-11-04,2274.548828125,2337.550048828125,2337.550048828125,2337.550048828125,2337.550048828125,0
2021-11-08,2313.908447265625,2378.0,2409.0,2318.199951171875,2409.0,672544
2021-11-09,2406.445556640625,2473.10009765625,2480.0,2366.5,2370.0,798194
2021-11-10,2410.337890625,2477.10009765625,2499.0,2448.0,2470.0,324456
2021-11-11,2432.0361328125,2499.39990234375,2515.949951171875,2459.0,2474.0,434325
2021-11-12,2449.60009765625,2517.449951171875,2523.0,2479.85009765625,2514.0,252131
2021-11-15,2453.297607421875,2521.25,2535.0,2495.050048828125,2535.0,301253
2021-11-16,2464.244384765625,2532.5,2540.75,2510.699951171875,2525.0,199472
2021-11-17,2434.614990234375,2502.050048828125,2543.85009765625,2483.35009765625,2525.0,251932
2021-11-18,2426.83056640625,2494.050048828125,2508.800048828125,2465.050048828125,2505.0,235301
2021-11-22,2303.983154296875,2367.800048828125,2500.0,2337.0,2490.0,407240
2021-11-23,2309.578369140625,2373.550048828125,2406.699951171875,2325.64990234375,2360.0,252818
2021-11-24,2283.5009765625,2346.75,2410.0,2330.0,2373.550048828125,264525
2021-11-25,2283.841552734375,2347.10009765625,2360.64990234375,2302.10009765625,2334.0,293501
2021-11-26,2193.980224609375,2254.75,2355.60009765625,2235.050048828125,2339.0,503119
2021-11-29,2154.7177734375,2214.39990234375,2310.0,2142.0,2205.0,496336
2021-11-30,2243.80029296875,2305.949951171875,2329.85009765625,2226.300048828125,2229.0,485919
2021-12-01,2268.61328125,2331.449951171875,2339.949951171875,2271.0,2324.0,279780
2021-12-02,2297.902099609375,2361.550048828125,2369.949951171875,2303.199951171875,2331.449951171875,174426
2021-12-03,2301.161376953125,2364.89990234375,2385.35009765625,2348.0,2361.550048828125,117140
2021-12-06,2273.23486328125,2336.199951171875,2408.0,2328.699951171875,2360.050048828125,248866
2021-12-07,2267.883544921875,2330.699951171875,2366.75,2315.0,2345.0,167033
2021-12-08,2315.611328125,2379.75,2402.699951171875,2348.800048828125,2348.85009765625,204513
2021-12-09,2309.724365234375,2373.699951171875,2398.0,2357.0,2394.050048828125,94640
2021-12-10,2405.034423828125,2471.64990234375,2489.89990234375,2362.699951171875,2384.89990234375,469117
2021-12-13,2476.699951171875,2545.300048828125,2609.25,2490.0,2515.0,1479847
2021-12-14,2484.970458984375,2553.800048828125,2570.64990234375,2490.800048828125,2535.0,296437
2021-12-15,2398.612548828125,2465.050048828125,2571.0,2450.0,2560.0,379146
2021-12-16,2358.425537109375,2423.75,2493.39990234375,2380.0,2470.0,462193
2021-12-17,2263.164306640625,2325.85009765625,2436.25,2315.449951171875,2430.0,333021
2021-12-20,2220.35009765625,2281.85009765625,2300.0,2207.199951171875,2280.0,538244
2021-12-21,2245.843994140625,2308.050048828125,2374.10009765625,2285.550048828125,2325.0,262108
2021-12-22,2291.430908203125,2354.89990234375,2366.0,2311.0,2320.199951171875,265518
2021-12-23,2325.876708984375,2390.300048828125,2425.0,2361.0,2361.0,293296
2021-12-24,2276.10546875,2339.14990234375,2394.199951171875,2330.050048828125,2394.199951171875,163106
2021-12-27,2304.031982421875,2367.85009765625,2378.75,2305.0,2333.0,178939
2021-12-28,2331.763671875,2396.35009765625,2405.10009765625,2365.800048828125,2384.949951171875,202744
2021-12-29,2337.699462890625,2402.449951171875,2423.300048828125,2374.60009765625,2396.0,184187
2021-12-30,2345.775390625,2410.75,2422.0,2390.050048828125,2411.949951171875,192719
2021-12-31,2400.0234375,2466.5,2478.60009765625,2405.0,2420.0,402745
2022-01-03,2393.40673828125,2459.699951171875,2489.199951171875,2450.5,2470.0,187072
2022-01-04,2400.89892578125,2467.39990234375,2500.0,2452.0,2470.0,258206
2022-01-05,2395.595947265625,2461.949951171875,2479.0,2455.14990234375,2463.0,118766
2022-01-06,2374.091552734375,2439.85009765625,2452.0,2418.0,2452.0,312518
2022-01-07,2410.5322265625,2477.300048828125,2535.0,2428.39990234375,2450.0,713835
2022-01-10,2453.686767578125,2521.64990234375,2531.800048828125,2480.39990234375,2485.35009765625,273120
2022-01-11,2409.656494140625,2476.39990234375,2534.75,2461.39990234375,2525.0,337933
2022-01-12,2413.937744140625,2480.800048828125,2498.449951171875,2466.0,2484.10009765625,216977
2022-01-13,2612.780517578125,2685.14990234375,2697.85009765625,2483.0,2491.5,1933012
2022-01-14,2621.294189453125,2693.89990234375,2759.89990234375,2652.14990234375,2685.14990234375,1636239
2022-01-17,2629.905517578125,2702.75,2739.85009765625,2691.699951171875,2700.0,407860
2022-01-18,2587.04296875,2658.699951171875,2771.75,2643.39990234375,2723.0,864192
2022-01-19,2583.0537109375,2654.60009765625,2702.39990234375,2605.550048828125,2658.0,480182
2022-01-20,2608.9365234375,2681.199951171875,2711.0,2637.25,2665.0,586436
2022-01-21,2443.177978515625,2510.85009765625,2698.0,2486.10009765625,2664.0,1514400
2022-01-24,2397.0068359375,2463.39990234375,2509.949951171875,2377.300048828125,2509.949951171875,887506
2022-01-25,2408.975341796875,2475.699951171875,2516.550048828125,2390.0,2412.0,585589
2022-01-27,2421.96533203125,2489.050048828125,2504.949951171875,2380.199951171875,2460.0,581542
2022-01-28,2446.2919921875,2514.050048828125,2580.5,2492.35009765625,2498.0,339531
2022-01-31,2455.876220703125,2523.89990234375,2552.949951171875,2490.0,2539.050048828125,248282
2022-02-01,2470.95849609375,2539.39990234375,2584.949951171875,2493.300048828125,2549.89990234375,299629
2022-02-02,2432.523193359375,2499.89990234375,2544.800048828125,2479.300048828125,2500.0,417344
2022-02-03,2427.609130859375,2494.85009765625,2522.800048828125,2481.0,2504.0,255814
2022-02-04,2429.895751953125,2497.199951171875,2516.699951171875,2475.0,2490.10009765625,212422
2022-02-07,2336.28857421875,2401.0,2506.10009765625,2387.0,2497.199951171875,279580
2022-02-08,2304.90771484375,2368.75,2435.0,2323.0,2400.0,342707
2022-02-09,2375.015869140625,2440.800048828125,2448.75,2370.14990234375,2370.14990234375,247301
2022-02-10,2351.5166015625,2416.64990234375,2458.0,2410.0,2455.0,129427
2022-02-11,2302.961669921875,2366.75,2410.0,2350.0,2410.0,243601
2022-02-14,2228.42626953125,2290.14990234375,2345.050048828125,2253.0,2253.0,456213
2022-02-15,2330.20703125,2394.75,2413.199951171875,2264.550048828125,2282.0,333371
2022-02-16,2321.01171875,2385.300048828125,2432.35009765625,2364.0,2415.0,289019
2022-02-17,2324.758056640625,2389.14990234375,2417.0,2360.300048828125,2401.949951171875,213203
2022-02-18,2316.04931640625,2380.199951171875,2430.949951171875,2352.0,2363.199951171875,185219
2022-02-21,2316.779296875,2380.949951171875,2414.25,2338.0,2374.0,338514
2022-02-22,2309.626953125,2373.60009765625,2399.0,2280.050048828125,2302.0,280218
2022-02-23,2320.37939453125,2384.64990234375,2417.39990234375,2379.35009765625,2388.0,180733
2022-02-24,2221.12841796875,2282.64990234375,2358.89990234375,2262.60009765625,2318.0,411460
2022-02-25,2269.4892578125,2332.35009765625,2414.0,2310.35009765625,2320.0,411506
2022-02-28,2310.843505859375,2374.85009765625,2387.89990234375,2290.14990234375,2305.0,219676
2022-03-02,2277.711181640625,2340.800048828125,2389.0,2309.10009765625,2350.0,239565
2022-03-03,2253.920166015625,2316.35009765625,2394.25,2295.0,2394.25,352076
2022-03-04,2194.467041015625,2255.25,2322.0,2250.0,2295.300048828125,321987
2022-03-07,2142.798095703125,2202.14990234375,2237.949951171875,2162.0,2220.0,432285
2022-03-08,2178.07080078125,2238.39990234375,2268.0,2175.0,2200.0,261245
2022-03-09,2185.660888671875,2246.199951171875,2252.949951171875,2189.550048828125,2249.89990234375,810023
2022-03-10,2251.73095703125,2314.10009765625,2334.64990234375,2285.10009765625,2306.199951171875,270388
2022-03-11,2281.603515625,2344.800048828125,2354.85009765625,2301.0,2314.0,181223
2022-03-14,2277.078369140625,2340.14990234375,2387.699951171875,2330.0,2349.949951171875,171285
2022-03-15,2331.034423828125,2395.60009765625,2414.0,2319.800048828125,2342.0,296426
2022-03-16,2353.317138671875,2418.5,2440.25,2377.550048828125,2432.0,305418
2022-03-17,2372.145751953125,2437.85009765625,2472.0,2422.0,2448.0,276468
2022-03-21,2372.6806640625,2438.39990234375,2459.699951171875,2418.25,2450.0,156630
2022-03-22,2360.517578125,2425.89990234375,2437.949951171875,2374.0,2430.0,184847
2022-03-23,2348.9384765625,2414.0,2450.0,2410.0,2450.0,100890
2022-03-24,2340.7646484375,2405.60009765625,2439.800048828125,2395.199951171875,2400.0,171484
2022-03-25,2380.951416015625,2446.89990234375,2498.0,2409.39990234375,2409.39990234375,459704
2022-03-28,2288.7548828125,2352.14990234375,2459.800048828125,2342.0,2454.0,303521
2022-03-29,2287.441650390625,2350.800048828125,2394.89990234375,2336.25,2357.5,238300
2022-03-30,2298.6806640625,2362.35009765625,2390.0,2352.199951171875,2380.0,182382
2022-03-31,2300.6748046875,2364.39990234375,2385.699951171875,2344.0,2380.0,264676
2022-04-01,2369.90771484375,2435.550048828125,2443.699951171875,2355.0,2355.0,214106
2022-04-04,2402.650390625,2469.199951171875,2480.0,2440.0,2450.0,164413
2022-04-05,2582.907470703125,2654.449951171875,2675.449951171875,2481.0,2482.0,1161280
2022-04-06,2582.372314453125,2653.89990234375,2684.89990234375,2619.75,2630.0,392461
2022-04-07,2539.996337890625,2610.35009765625,2653.39990234375,2570.0,2647.0,227637
2022-04-08,2616.77001953125,2689.25,2724.0,2603.14990234375,2620.0,853591
2022-04-11,2592.443603515625,2664.25,2730.0,2651.0,2688.0,310168
2022-04-12,2575.026123046875,2646.35009765625,2674.0,2566.10009765625,2666.0,278544
2022-04-13,2547.29443359375,2617.85009765625,2660.0,2600.0,2645.0,149796
2022-04-18,2499.225341796875,2568.449951171875,2641.800048828125,2537.89990234375,2605.0,251049
2022-04-19,2533.914794921875,2604.10009765625,2675.0,2541.10009765625,2590.0,297642
2022-04-20,2547.3427734375,2617.89990234375,2678.10009765625,2592.050048828125,2617.800048828125,285429
2022-04-21,2669.94677734375,2743.89990234375,2755.10009765625,2620.199951171875,2620.199951171875,1237606
2022-04-22,2452.1787109375,2520.10009765625,2820.0,2476.25,2758.800048828125,2371341
2022-04-25,2482.099853515625,2550.85009765625,2613.0,2485.10009765625,2500.0,1166076
2022-04-26,2450.183837890625,2518.050048828125,2612.75,2490.0,2586.949951171875,441997
2022-04-27,2437.728759765625,2505.25,2542.39990234375,2450.0,2524.0,311061
2022-04-28,2452.76220703125,2520.699951171875,2540.0,2470.0,2527.0,234509
2022-04-29,2419.1435546875,2486.14990234375,2549.10009765625,2466.5,2540.0,210478
2022-05-02,2400.75341796875,2467.25,2505.0,2445.050048828125,2480.0,173852
2022-05-04,2362.852783203125,2428.300048828125,2504.199951171875,2410.0,2475.0,193279
2022-05-05,2382.26513671875,2448.25,2539.0,2436.85009765625,2472.699951171875,410414
2022-05-06,2353.268310546875,2418.449951171875,2447.300048828125,2375.050048828125,2411.949951171875,377674
2022-05-09,2372.194091796875,2437.89990234375,2458.85009765625,2380.0,2415.550048828125,242815
2022-05-10,2329.039794921875,2393.550048828125,2504.10009765625,2365.0,2435.0,816343
2022-05-11,2362.9501953125,2428.39990234375,2451.550048828125,2367.050048828125,2427.25,597024
2022-05-12,2366.1611328125,2431.699951171875,2450.10009765625,2382.800048828125,2424.949951171875,377134
2022-05-13,2472.223388671875,2540.699951171875,2566.25,2446.050048828125,2465.89990234375,586359
2022-05-16,2503.06884765625,2572.39990234375,2594.0,2525.0,2550.050048828125,326883
2022-05-17,2532.94189453125,2603.10009765625,2629.89990234375,2573.0,2599.64990234375,289065
2022-05-18,2491.879150390625,2560.89990234375,2627.25,2556.0,2619.0,233556
2022-05-19,2449.94091796875,2517.800048828125,2550.0,2482.0,2482.0,177771
2022-05-20,2487.646484375,2556.550048828125,2569.5,2520.800048828125,2540.0,159377
2022-05-23,2474.65576171875,2543.199951171875,2590.25,2533.199951171875,2579.0,170159
2022-05-24,2459.81689453125,2527.949951171875,2569.699951171875,2510.0,2543.199951171875,98846
2022-05-25,2377.789306640625,2443.64990234375,2545.0,2436.39990234375,2545.0,168247
2022-05-26,2344.024169921875,2408.949951171875,2470.0,2365.0,2439.14990234375,230882
2022-05-27,2334.585693359375,2399.25,2438.949951171875,2374.0,2425.0,213946
2022-05-30,2368.545166015625,2434.14990234375,2470.0,2400.0,2424.85009765625,317334
2022-05-31,2375.989013671875,2441.800048828125,2486.199951171875,2430.10009765625,2439.0,398529
2022-06-01,2426.489990234375,2493.699951171875,2511.75,2445.0,2449.949951171875,211318
2022-06-02,2472.56396484375,2541.050048828125,2549.89990234375,2488.60009765625,2497.0,440698
2022-06-03,2387.71435546875,2453.85009765625,2570.699951171875,2442.5,2570.0,276607
2022-06-06,2389.173828125,2455.35009765625,2476.89990234375,2429.300048828125,2456.14990234375,151375
2022-06-07,2353.268310546875,2418.449951171875,2449.89990234375,2401.0,2449.89990234375,170547
2022-06-08,2251.73095703125,2314.10009765625,2442.39990234375,2269.449951171875,2442.39990234375,789003
2022-06-09,2257.569091796875,2320.10009765625,2335.0,2265.10009765625,2265.10009765625,240954
2022-06-10,2269.4892578125,2332.35009765625,2340.75,2295.0,2308.0,125331
2022-06-13,2172.232421875,2232.39990234375,2288.64990234375,2222.800048828125,2260.050048828125,318676
2022-06-14,2093.51318359375,2151.5,2238.64990234375,2133.5,2230.0,840356
2022-06-15,2158.804931640625,2218.60009765625,2228.0,2154.0,2159.0,502633
2022-06-16,2078.236328125,2135.800048828125,2282.35009765625,2125.10009765625,2264.0,502532
2022-06-17,2077.700927734375,2135.25,2186.199951171875,2082.550048828125,2121.0,485919
2022-06-20,2024.134765625,2080.199951171875,2150.0,2043.8499755859375,2110.0,319006
2022-06-21,2073.165771484375,2116.25,2143.14990234375,2080.199951171875,2094.0,388709
2022-06-22,2082.1787109375,2125.449951171875,2176.949951171875,2081.0,2116.0,459617
2022-06-23,2140.76123046875,2185.25,2192.64990234375,2130.550048828125,2130.550048828125,308775
2022-06-24,2175.97900390625,2221.199951171875,2245.0,2183.300048828125,2245.0,470361
2022-06-27,2214.283203125,2260.300048828125,2287.64990234375,2222.0,2250.0,269689
2022-06-28,2192.43701171875,2238.0,2287.35009765625,2227.449951171875,2265.25,223020
2022-06-29,2174.754638671875,2219.949951171875,2244.25,2201.0,2210.0,156190
2022-06-30,2156.38623046875,2201.199951171875,2239.0,2186.75,2215.0,150803
2022-07-01,2132.5810546875,2176.89990234375,2216.800048828125,2156.25,2202.5,409500
2022-07-04,2106.57177734375,2150.35009765625,2198.050048828125,2133.550048828125,2182.14990234375,250242
2022-07-05,2135.470947265625,2179.85009765625,2240.0,2160.0,2170.0,445118
2022-07-06,2170.24853515625,2215.35009765625,2225.0,2180.10009765625,2187.85009765625,217597
2022-07-07,2204.731689453125,2250.550048828125,2264.300048828125,2211.800048828125,2242.300048828125,215276
2022-07-08,2159.178466796875,2204.050048828125,2253.75,2197.0,2234.050048828125,214749
2022-07-11,2200.813232421875,2246.550048828125,2250.0,2200.050048828125,2204.14990234375,167208
2022-07-12,2169.268798828125,2214.35009765625,2240.0,2205.10009765625,2239.89990234375,149416
2022-07-13,2167.162109375,2212.199951171875,2248.699951171875,2202.14990234375,2238.14990234375,208050
2022-07-14,2101.526611328125,2145.199951171875,2234.0,2133.449951171875,2219.300048828125,247937
2022-07-15,2112.6455078125,2156.550048828125,2166.0,2104.0,2160.0,518757
2022-07-18,2109.461669921875,2153.300048828125,2184.0,2134.0,2184.0,337959
2022-07-19,2204.9765625,2250.800048828125,2260.0,2132.0,2159.550048828125,2189907
2022-07-20,2154.231201171875,2199.0,2290.0,2192.550048828125,2289.0,845808
2022-07-21,2184.305908203125,2229.699951171875,2248.050048828125,2198.550048828125,2200.0,727176
2022-07-22,2165.888671875,2210.89990234375,2248.0,2198.0,2235.0,257552
2022-07-25,2177.007568359375,2222.25,2237.0,2204.0,2224.0,281283
2022-07-26,2162.607177734375,2207.550048828125,2239.0,2203.0,2222.25,348502
2022-07-27,2177.79150390625,2223.050048828125,2235.0,2201.10009765625,2207.550048828125,379121
2022-07-28,2225.794189453125,2272.050048828125,2300.0,2223.050048828125,2235.0,673056
2022-07-29,2270.269287109375,2317.449951171875,2336.0,2287.199951171875,2294.0,491549
2022-08-01,2294.61376953125,2342.300048828125,2359.550048828125,2288.35009765625,2336.0,515788
2022-08-02,2328.80322265625,2377.199951171875,2389.0,2331.0,2343.0,384807
2022-08-03,2307.7900390625,2355.75,2387.300048828125,2338.14990234375,2377.0,200623
2022-08-04,2326.403076171875,2374.75,2399.0,2321.550048828125,2363.0,271601
2022-08-05,2312.590087890625,2360.64990234375,2405.0,2351.050048828125,2380.0,169952
2022-08-08,2312.394287109375,2360.449951171875,2382.0,2345.35009765625,2355.0,132693
2022-08-10,2371.858642578125,2421.14990234375,2433.0,2350.60009765625,2377.0,660830
2022-08-11,2368.28271484375,2417.5,2460.0,2412.0,2446.050048828125,238979
2022-08-12,2360.396728515625,2409.449951171875,2440.0,2385.0,2415.10009765625,168815
2022-08-16,2390.226806640625,2439.89990234375,2446.0,2405.699951171875,2425.0,256715
2022-08-17,2407.56640625,2457.60009765625,2478.800048828125,2440.0,2449.0,258779
2022-08-18,2409.62353515625,2459.699951171875,2468.85009765625,2435.0,2452.89990234375,172105
2022-08-19,2370.6337890625,2419.89990234375,2468.0,2403.550048828125,2459.89990234375,180353
2022-08-22,2297.454833984375,2345.199951171875,2419.89990234375,2340.050048828125,2419.89990234375,175714
2022-08-23,2350.844970703125,2399.699951171875,2406.35009765625,2310.0,2320.0,225646
2022-08-24,2385.671630859375,2435.25,2446.449951171875,2388.449951171875,2413.800048828125,224219
2022-08-25,2353.8330078125,2402.75,2453.0,2393.0,2453.0,480148
2022-08-26,2359.319091796875,2408.35009765625,2453.949951171875,2401.199951171875,2419.0,248300
2022-08-29,2368.625732421875,2417.85009765625,2425.0,2343.14990234375,2351.10009765625,319794
2022-08-30,2419.860595703125,2470.14990234375,2502.949951171875,2430.10009765625,2440.0,569354
2022-09-01,2432.89013671875,2483.449951171875,2489.25,2441.10009765625,2462.949951171875,367495
2022-09-02,2423.093505859375,2473.449951171875,2543.89990234375,2466.050048828125,2490.0,343567
2022-09-05,2447.97705078125,2498.85009765625,2535.0,2475.0,2491.449951171875,242091
2022-09-06,2443.47021484375,2494.25,2519.75,2486.35009765625,2515.0,116636
2022-09-07,2464.3857421875,2515.60009765625,2528.800048828125,2468.050048828125,2491.800048828125,196702
2022-09-08,2450.278564453125,2501.199951171875,2537.85009765625,2490.0,2525.0,148298
2022-09-09,2477.218505859375,2528.699951171875,2552.0,2504.050048828125,2519.0,202663
2022-09-12,2477.218505859375,2528.699951171875,2528.699951171875,2528.699951171875,2528.699951171875,0
2022-09-13,2584.783447265625,2638.5,2659.0,2550.0,2550.0,555754
2022-09-14,2591.396240234375,2645.25,2653.0,2605.0,2610.0,324717
2022-09-15,2598.6943359375,2652.699951171875,2719.75,2646.199951171875,2655.64990234375,680793
2022-09-16,2546.381591796875,2599.300048828125,2671.949951171875,2590.0,2664.85009765625,412572
2022-09-19,2532.37255859375,2585.0,2614.0,2571.300048828125,2581.0,172011
2022-09-20,2569.697021484375,2623.10009765625,2669.699951171875,2600.75,2614.0,231658
2022-09-21,2551.4267578125,2604.449951171875,2654.449951171875,2595.0,2624.0,201665
2022-09-22,2551.81884765625,2604.85009765625,2637.949951171875,2585.0,2589.449951171875,165078
2022-09-23,2528.258056640625,2580.800048828125,2638.449951171875,2560.0,2609.0,191261
2022-09-26,2444.254150390625,2495.050048828125,2571.0,2451.10009765625,2549.949951171875,375161
2022-09-27,2449.7890625,2500.699951171875,2522.0,2470.0,2507.0,172204
2022-09-28,2463.2099609375,2514.39990234375,2529.0,2468.949951171875,2494.89990234375,243415
2022-09-29,2533.940185546875,2586.60009765625,2607.0,2520.0,2526.949951171875,419989
2022-09-30,2508.616455078125,2560.75,2599.0,2528.10009765625,2594.0,226182
2022-10-03,2491.080810546875,2542.85009765625,2581.14990234375,2531.0,2550.0,160643
2022-10-04,2580.228515625,2633.85009765625,2665.0,2560.199951171875,2574.0,355302
2022-10-06,2589.142822265625,2642.949951171875,2700.0,2630.0,2650.0,282347
2022-10-07,2551.8671875,2604.89990234375,2678.949951171875,2597.0,2654.0,239419
2022-10-10,2561.125244140625,2614.35009765625,2628.949951171875,2577.10009765625,2584.89990234375,155471
2022-10-11,2532.323486328125,2584.949951171875,2644.0,2555.0,2610.0,204428
2022-10-12,2523.31103515625,2575.75,2593.949951171875,2543.199951171875,2580.0,136019
2022-10-13,2522.184814453125,2574.60009765625,2598.0,2568.449951171875,2581.10009765625,136687
2022-10-14,2518.118896484375,2570.449951171875,2623.60009765625,2562.800048828125,2600.0,151383
2022-10-17,2565.484619140625,2618.800048828125,2624.85009765625,2551.25,2570.0,223353
2022-10-18,2693.082763671875,2749.050048828125,2770.0,2612.85009765625,2637.0,1315807
2022-10-19,2651.5458984375,2706.64990234375,2862.5,2674.0,2791.0,1293572
2022-10-20,2595.314697265625,2649.25,2708.89990234375,2630.300048828125,2698.0,483384
2022-10-21,2643.17041015625,2698.10009765625,2754.89990234375,2650.0,2650.0,674894
2022-10-24,2643.17041015625,2698.10009765625,2698.10009765625,2698.10009765625,2698.10009765625,0
2022-10-25,2709.099853515625,2765.39990234375,2789.89990234375,2694.64990234375,2722.0,478836
2022-10-27,2718.651611328125,2775.14990234375,2802.85009765625,2758.10009765625,2765.0,362667
2022-10-28,2696.7568359375,2752.800048828125,2794.5,2743.050048828125,2784.449951171875,215373
2022-10-31,2720.904541015625,2777.449951171875,2790.0,2750.0,2767.300048828125,174844
2022-11-01,2717.27978515625,2773.75,2792.550048828125,2757.85009765625,2782.300048828125,134708
2022-11-02,2752.9384765625,2810.14990234375,2838.75,2770.25,2772.949951171875,494169
2022-11-03,2694.748046875,2750.75,2846.39990234375,2729.64990234375,2811.0,369760
2022-11-04,2673.5390625,2729.10009765625,2780.0,2725.0,2762.0,284880
2022-11-07,2693.42578125,2749.39990234375,2765.0,2720.10009765625,2754.449951171875,162195
2022-11-09,2631.904296875,2686.60009765625,2772.5,2678.949951171875,2772.5,181198
2022-11-10,2654.926025390625,2710.10009765625,2736.75,2670.5,2682.89990234375,215103
2022-11-11,2650.8603515625,2705.949951171875,2744.0,2694.449951171875,2736.0,199706
2022-11-14,2640.525146484375,2695.39990234375,2718.800048828125,2662.35009765625,2705.949951171875,111212
2022-11-15,2571.50927734375,2624.949951171875,2696.949951171875,2616.14990234375,2690.0,190072
2022-11-16,2566.317138671875,2619.64990234375,2635.0,2572.25,2609.0,311648
2022-11-17,2517.776123046875,2570.10009765625,2614.39990234375,2561.300048828125,2599.75,491921
2022-11-18,2476.04345703125,2527.5,2590.89990234375,2500.0,2566.0,2617672
2022-11-21,2473.447509765625,2524.85009765625,2577.89990234375,2516.85009765625,2525.050048828125,575210
2022-11-22,2468.353271484375,2519.64990234375,2546.949951171875,2508.300048828125,2537.5,210038
2022-11-23,2474.86767578125,2526.300048828125,2542.0,2502.0,2537.949951171875,456732
2022-11-24,2468.94091796875,2520.25,2546.300048828125,2510.0,2524.800048828125,321974
2022-11-25,2498.18359375,2550.10009765625,2561.89990234375,2521.0,2534.949951171875,279414
2022-11-28,2497.056640625,2548.949951171875,2574.5,2540.85009765625,2561.0,213855
2022-11-29,2476.729248046875,2528.199951171875,2565.800048828125,2525.0,2539.89990234375,195124
2022-11-30,2512.77978515625,2565.0,2574.0,2522.0,2528.949951171875,208781
2022-12-01,2553.6796875,2606.75,2612.75,2560.0,2573.89990234375,323490
2022-12-02,2619.854736328125,2674.300048828125,2709.0,2601.0,2616.0,641932
2022-12-05,2618.189208984375,2672.60009765625,2695.89990234375,2645.64990234375,2689.89990234375,238730
2022-12-06,2651.69287109375,2706.800048828125,2740.0,2660.300048828125,2676.300048828125,541602
2022-12-07,2651.5458984375,2706.64990234375,2733.0,2687.64990234375,2715.949951171875,232833
2022-12-08,2676.820556640625,2732.449951171875,2739.949951171875,2696.10009765625,2706.64990234375,193532
2022-12-09,2678.1435546875,2733.800048828125,2765.0,2708.050048828125,2742.0,325548
2022-12-12,2761.412841796875,2818.800048828125,2829.0,2717.5,2719.35009765625,526556
2022-12-13,2882.104736328125,2942.0,2990.0,2821.85009765625,2834.699951171875,2232195
2022-12-14,2939.02197265625,3000.10009765625,3009.0,2935.5,2940.0,774214
2022-12-15,2920.751220703125,2981.449951171875,3025.0,2965.0,3005.85009765625,602308
2022-12-16,2697.833984375,2753.89990234375,2965.10009765625,2741.0,2950.10009765625,1907772
2022-12-19,2674.420654296875,2730.0,2765.35009765625,2657.0,2765.0,811353
2022-12-20,2658.20751953125,2713.449951171875,2734.949951171875,2671.35009765625,2730.5,324378
2022-12-21,2614.956298828125,2669.300048828125,2771.699951171875,2660.0,2717.0,582721
2022-12-22,2563.7705078125,2617.050048828125,2699.0,2607.0,2690.0,347177
2022-12-23,2462.72021484375,2513.89990234375,2605.10009765625,2506.10009765625,2590.0,448226
2022-12-26,2525.711181640625,2578.199951171875,2600.0,2500.25,2515.0,291849
2022-12-27,2548.536865234375,2601.5,2615.0,2565.0,2601.800048828125,207085
2022-12-28,2548.68359375,2601.64990234375,2612.5,2580.0,2598.050048828125,181789
2022-12-29,2516.404541015625,2568.699951171875,2604.75,2560.14990234375,2601.64990234375,294022
2022-12-30,2516.796630859375,2569.10009765625,2595.0,2561.300048828125,2589.800048828125,127701
2023-01-02,2527.474365234375,2580.0,2609.0,2546.050048828125,2570.199951171875,194548
2023-01-03,2538.15234375,2590.89990234375,2608.89990234375,2578.0,2591.5,132642
2023-01-04,2543.736572265625,2596.60009765625,2609.0,2565.0,2594.0,177544
2023-01-05,2594.531005859375,2648.449951171875,2655.949951171875,2592.25,2600.0,336238
2023-01-06,2567.003173828125,2620.35009765625,2669.300048828125,2608.0,2648.449951171875,200467
2023-01-09,2599.674072265625,2653.699951171875,2659.0,2615.0,2646.0,155269
2023-01-10,2626.22216796875,2680.800048828125,2686.800048828125,2630.800048828125,2660.0,199227
2023-01-11,2616.7197265625,2671.10009765625,2708.0,2662.050048828125,2684.550048828125,188157
2023-01-12,2622.548828125,2677.050048828125,2718.5,2667.800048828125,2675.0,263295
2023-01-13,2609.470458984375,2663.699951171875,2693.39990234375,2651.550048828125,2685.39990234375,115048
2023-01-16,2619.119873046875,2673.550048828125,2705.0,2665.0,2674.800048828125,151524
2023-01-17,2662.028076171875,2717.35009765625,2733.550048828125,2655.25,2665.25,163033
2023-01-18,2697.54052734375,2753.60009765625,2764.85009765625,2720.5,2731.64990234375,275059
2023-01-19,2771.013427734375,2828.60009765625,2843.85009765625,2722.85009765625,2740.050048828125,633130
2023-01-20,2704.9853515625,2761.199951171875,2851.199951171875,2751.35009765625,2850.0,479592
2023-01-23,2743.436279296875,2800.449951171875,2820.10009765625,2757.699951171875,2762.0,354518
2023-01-24,2759.992431640625,2817.35009765625,2849.0,2805.0,2811.949951171875,396428
2023-01-25,2760.335205078125,2817.699951171875,2826.14990234375,2790.0,2810.35009765625,232210
2023-01-27,2720.7578125,2777.300048828125,2841.949951171875,2737.699951171875,2820.0,270275
2023-01-30,2761.8046875,2819.199951171875,2868.0,2748.300048828125,2780.0,426921
2023-01-31,2861.777099609375,2921.25,2934.64990234375,2835.14990234375,2847.0,545851
2023-02-01,2934.417236328125,2995.39990234375,3045.0,2913.300048828125,2949.0,936089
2023-02-02,2940.3935546875,3001.5,3088.60009765625,2981.10009765625,3000.0,716169
2023-02-03,2889.10888671875,2949.14990234375,3030.0,2925.0,3030.0,378428
2023-02-06,2905.27294921875,2965.64990234375,2998.0,2940.0,2950.0,255641
2023-02-07,2926.580322265625,2987.39990234375,2994.0,2959.449951171875,2980.5,186102
2023-02-08,2918.20458984375,2978.85009765625,3010.800048828125,2971.60009765625,2983.5,278608
2023-02-09,2934.711669921875,2995.699951171875,3001.949951171875,2955.10009765625,2970.0,172603
2023-02-10,2924.229248046875,2985.0,3004.0,2976.0,2987.0,136904
2023-02-13,2887.541748046875,2947.550048828125,2988.0,2904.75,2988.0,196259
2023-02-14,2921.1435546875,2981.85009765625,2994.89990234375,2936.85009765625,2948.89990234375,204187
2023-02-15,2945.24267578125,3006.449951171875,3030.10009765625,2952.0,2967.949951171875,216658
2023-02-16,2984.08544921875,3046.10009765625,3059.89990234375,3017.75,3032.300048828125,351094
2023-02-17,2953.422607421875,3014.800048828125,3143.39990234375,2991.0,3030.0,1067039
2023-02-20,2941.519775390625,3002.64990234375,3037.5,2965.300048828125,3010.0,218449
2023-02-21,2979.432373046875,3041.35009765625,3065.800048828125,2991.550048828125,3009.89990234375,211481
2023-02-22,2951.904052734375,3013.25,3065.5,2994.199951171875,3041.35009765625,328540
2023-02-23,3007.156005859375,3069.64990234375,3088.050048828125,3004.050048828125,3008.0,364256
2023-02-24,3010.290771484375,3072.85009765625,3113.0,3040.39990234375,3097.5,460091
2023-02-27,2934.956298828125,2995.949951171875,3060.0,2969.0,3060.0,283462
2023-02-28,3018.61767578125,3081.35009765625,3099.949951171875,2975.0,2993.0,362293
2023-03-01,3052.4638671875,3115.89990234375,3142.0,3067.25,3084.0,556955
2023-03-02,3003.53125,3065.949951171875,3128.699951171875,3051.0,3115.89990234375,212610
2023-03-03,3006.71484375,3069.199951171875,3095.050048828125,3055.25,3065.949951171875,211402
2023-03-06,3003.139404296875,3065.550048828125,3085.0,3056.300048828125,3075.0,165157
2023-03-08,3029.148681640625,3092.10009765625,3120.0,3000.0,3060.0,336445
2023-03-09,3021.40966796875,3084.199951171875,3116.949951171875,3077.0,3093.0,191541
2023-03-10,2886.953857421875,2946.949951171875,3075.0,2921.0,3070.050048828125,468768
2023-03-13,2835.522705078125,2894.449951171875,2968.64990234375,2885.60009765625,2960.0,293866
2023-03-14,2824.893798828125,2883.60009765625,2912.25,2860.14990234375,2885.0,163628
2023-03-15,2868.634521484375,2928.25,2938.0,2872.85009765625,2903.949951171875,363303
2023-03-16,2818.721923828125,2877.300048828125,2936.199951171875,2869.0,2930.0,376887
2023-03-17,2825.677490234375,2884.39990234375,2916.14990234375,2835.0,2900.0,289717
2023-03-20,2806.13330078125,2864.449951171875,2908.699951171875,2836.0,2908.699951171875,143701
2023-03-21,2805.692626953125,2864.0,2899.0,2857.949951171875,2880.050048828125,228098
2023-03-22,2819.8974609375,2878.5,2906.10009765625,2871.0,2889.800048828125,264831
2023-03-23,2802.4599609375,2860.699951171875,2894.85009765625,2850.0,2878.10009765625,162906
2023-03-24,2761.21728515625,2818.60009765625,2871.050048828125,2805.0,2861.85009765625,193270
2023-03-27,2722.618896484375,2779.199951171875,2847.949951171875,2772.64990234375,2825.0,378284
2023-03-28,2741.379150390625,2798.35009765625,2808.0,2753.89990234375,2781.050048828125,296813
2023-03-29,2798.296142578125,2856.449951171875,2874.0,2783.449951171875,2785.0,245686
2023-03-31,2821.416015625,2880.050048828125,2911.85009765625,2841.050048828125,2856.75,203707
2023-04-03,2899.93408203125,2960.199951171875,2965.64990234375,2900.0,2903.39990234375,303832
2023-04-05,2878.0390625,2937.85009765625,2969.949951171875,2917.449951171875,2969.949951171875,190853
2023-04-06,2859.81787109375,2919.25,2953.300048828125,2905.0,2937.5,193484
2023-04-10,2914.4326171875,2975.0,2984.0,2905.800048828125,2909.10009765625,352557
2023-04-11,2983.49755859375,3045.5,3055.0,2985.0,2990.0,475618
2023-04-12,2988.934814453125,3051.050048828125,3064.64990234375,3016.10009765625,3035.0,192138
2023-04-13,3021.45849609375,3084.25,3098.5,3042.35009765625,3043.85009765625,250406
2023-04-17,3034.73291015625,3097.800048828125,3128.89990234375,3060.0,3064.949951171875,383771
2023-04-18,3032.724609375,3095.75,3114.60009765625,3080.300048828125,3106.10009765625,165738
2023-04-19,3074.947265625,3138.85009765625,3159.89990234375,3083.14990234375,3095.0,290136
2023-04-20,3065.493408203125,3129.199951171875,3157.5,3120.0,3149.89990234375,201430
2023-04-21,3048.30078125,3111.64990234375,3139.0,3090.10009765625,3139.0,139730
2023-04-24,3078.4736328125,3142.449951171875,3146.0,3110.10009765625,3126.949951171875,120666
2023-04-25,3087.53564453125,3151.699951171875,3183.800048828125,3120.050048828125,3148.10009765625,272892
2023-04-26,3113.104248046875,3177.800048828125,3180.0,3145.10009765625,3150.0,128534
2023-04-27,3124.075927734375,3189.0,3200.0,3170.0,3185.0,163208
2023-04-28,3140.09326171875,3205.35009765625,3213.0,3184.10009765625,3190.0,192921
2023-05-02,3183.784912109375,3249.949951171875,3259.0,3205.5,3209.0,195103
2023-05-03,3224.63623046875,3291.64990234375,3317.0,3233.050048828125,3249.0,331116
2023-05-04,3202.49658203125,3269.050048828125,3295.949951171875,3253.60009765625,3287.0,138245
2023-05-05,3247.26611328125,3314.75,3335.550048828125,3249.050048828125,3269.0,210596
2023-05-08,3196.471435546875,3262.89990234375,3358.0,3256.10009765625,3337.5,307218
2023-05-09,3156.404296875,3222.0,3263.0,3207.0,3263.0,292954
2023-05-10,3143.91357421875,3209.25,3248.949951171875,3172.14990234375,3225.0,182938
2023-05-11,3169.38427734375,3235.25,3288.85009765625,3202.300048828125,3209.25,528871
2023-05-12,3319.955078125,3388.949951171875,3400.0,3235.449951171875,3252.199951171875,1549977
2023-05-15,3312.363037109375,3381.199951171875,3400.0,3295.35009765625,3400.0,799715
2023-05-16,3356.544921875,3426.300048828125,3436.0,3336.10009765625,3379.949951171875,460036
2023-05-17,3367.712890625,3437.699951171875,3489.699951171875,3410.10009765625,3427.75,429840
2023-05-18,3336.070556640625,3405.39990234375,3468.5,3400.0,3454.64990234375,168884
2023-05-19,3370.9453125,3441.0,3448.0,3391.050048828125,3415.0,204182
2023-05-22,3361.491943359375,3431.35009765625,3454.5,3412.050048828125,3454.5,91735
2023-05-23,3306.240234375,3374.949951171875,3443.800048828125,3365.0,3426.89990234375,241794
2023-05-24,3333.278564453125,3402.550048828125,3415.0,3360.199951171875,3370.0,0
2023-05-25,3344.201416015625,3413.699951171875,3430.0,3392.35009765625,3400.0,177428
2023-05-26,3339.254150390625,3408.64990234375,3447.0,3396.60009765625,3425.0,140093
2023-05-29,3342.829833984375,3412.300048828125,3439.14990234375,3394.449951171875,3428.85009765625,84643
2023-05-30,3411.796630859375,3482.699951171875,3495.0,3379.5,3412.0,340548
2023-05-31,3353.8017578125,3423.5,3516.0,3379.050048828125,3482.75,1802492
2023-06-01,3411.502685546875,3482.39990234375,3488.949951171875,3409.0,3450.0,346059
2023-06-02,3479.44091796875,3551.75,3563.949951171875,3487.300048828125,3499.949951171875,428950
2023-06-05,3521.516357421875,3594.699951171875,3618.0,3558.0,3582.949951171875,389947
2023-06-06,3522.251220703125,3595.449951171875,3604.89990234375,3544.5,3594.699951171875,196700
2023-06-07,3466.019775390625,3538.050048828125,3595.0,3523.050048828125,3595.0,437956
2023-06-08,3440.1083984375,3511.60009765625,3554.39990234375,3490.0,3550.0,297932
2023-06-09,3475.27734375,3547.5,3561.199951171875,3512.050048828125,3512.050048828125,187230
2023-06-12,3462.150390625,3534.10009765625,3558.0,3510.39990234375,3548.0,243029
2023-06-13,3510.936279296875,3583.89990234375,3590.0,3519.449951171875,3534.0,249758
2023-06-14,3514.757080078125,3587.800048828125,3607.0,3571.60009765625,3607.0,153118
2023-06-15,3486.54345703125,3559.0,3593.60009765625,3549.550048828125,3575.0,184254
2023-06-16,3501.923583984375,3574.699951171875,3586.949951171875,3538.199951171875,3550.0,223482
2023-06-19,3457.790771484375,3529.64990234375,3599.5,3514.25,3585.0,169991
2023-06-20,3470.330078125,3542.449951171875,3569.800048828125,3515.64990234375,3540.0,275988
2023-06-21,3367.770751953125,3418.35009765625,3560.949951171875,3379.75,3529.39990234375,468855
2023-06-22,3432.39990234375,3483.949951171875,3555.0,3441.10009765625,3450.0,899667
2023-06-23,3376.932861328125,3427.64990234375,3511.14990234375,3415.25,3491.0,272568
2023-06-26,3415.060546875,3466.35009765625,3480.0,3416.0,3435.0,204577
2023-06-27,3423.6806640625,3475.10009765625,3554.949951171875,3462.0,3480.0,346501
2023-06-28,3560.574951171875,3614.050048828125,3636.64990234375,3506.35009765625,3510.0,885684
2023-06-30,3498.60546875,3551.14990234375,3637.949951171875,3535.0,3637.050048828125,430346
2023-07-03,3470.724365234375,3522.85009765625,3585.800048828125,3519.0,3579.89990234375,223753
2023-07-04,3457.621337890625,3509.550048828125,3543.60009765625,3505.39990234375,3539.949951171875,165447
2023-07-05,3500.1328125,3552.699951171875,3568.0,3512.199951171875,3517.0,246209
2023-07-06,3508.0634765625,3560.75,3585.0,3542.0,3560.0,180300
2023-07-07,3456.291015625,3508.199951171875,3563.85009765625,3491.0,3555.199951171875,153939
2023-07-10,3494.221435546875,3546.699951171875,3566.75,3506.550048828125,3510.0,284687
2023-07-11,3718.946533203125,3774.800048828125,3799.949951171875,3554.0,3558.0,1485223
2023-07-12,3744.26611328125,3800.5,3824.699951171875,3745.10009765625,3784.0,535242
2023-07-13,3758.69921875,3815.14990234375,3847.0,3783.300048828125,3802.35009765625,488118
2023-07-14,3817.0234375,3874.35009765625,3886.949951171875,3824.10009765625,3826.75,389985
2023-07-17,3856.726806640625,3914.64990234375,3948.949951171875,3887.050048828125,3892.0,473022
2023-07-18,4067.067626953125,4128.14990234375,4148.64990234375,3910.800048828125,3925.0,2882873
2023-07-19,4245.09423828125,4308.85009765625,4325.14990234375,4176.39990234375,4188.0,2988725
2023-07-20,4647.55029296875,4717.35009765625,4924.0,4270.25,4307.89990234375,5530760
2023-07-21,4518.931640625,4586.7998046875,4693.0,4494.0498046875,4675.0,3034596
2023-07-24,4628.9296875,4698.4501953125,4770.0,4586.7998046875,4611.7998046875,1450583
2023-07-25,4623.9541015625,4693.39990234375,4784.0,4650.10009765625,4740.0,845678
2023-07-26,4604.693359375,4673.85009765625,4747.0,4608.0,4698.9501953125,616591
2023-07-27,4631.44140625,4701.0,4745.0,4648.2001953125,4650.0,693349
2023-07-28,4675.52978515625,4745.75,4775.0,4665.0,4703.0,530565
2023-07-31,4745.5283203125,4816.7998046875,4876.9501953125,4735.0498046875,4745.75,702383
2023-08-01,4561.68994140625,4630.2001953125,4873.9501953125,4616.2998046875,4844.9501953125,896053
2023-08-02,4520.1630859375,4588.0498046875,4702.35009765625,4561.75,4630.2001953125,879726
2023-08-03,4546.61572265625,4614.89990234375,4636.2001953125,4512.0498046875,4590.0,498305
2023-08-04,4546.61572265625,4614.89990234375,4663.7001953125,4589.5,4630.0,375403
2023-08-07,4531.29638671875,4599.35009765625,4655.0,4559.10009765625,4655.0,350693
2023-08-08,4602.47705078125,4671.60009765625,4679.9501953125,4601.25,4634.89990234375,421136
2023-08-09,4614.5947265625,4683.89990234375,4717.0,4650.0,4675.0,447877
2023-08-10,4516.81298828125,4584.64990234375,4689.2998046875,4575.5,4660.0,327433
2023-08-11,4590.5068359375,4659.4501953125,4738.4501953125,4490.75,4581.0,979085
2023-08-14,4674.49560546875,4744.7001953125,4750.0,4636.10009765625,4659.0,448711
2023-08-16,4781.93212890625,4853.75,4870.0,4733.2998046875,4739.9501953125,837609
2023-08-17,4746.71044921875,4818.0,4908.85009765625,4779.35009765625,4868.0,653948
2023-08-18,4706.9580078125,4777.64990234375,4864.39990234375,4753.0,4819.0,330161
2023-08-21,4778.3359375,4850.10009765625,4860.0,4751.10009765625,4784.9501953125,329531
2023-08-22,4923.25927734375,4997.2001953125,5008.39990234375,4858.25,4875.0,929778
2023-08-23,5059.0693359375,5135.0498046875,5156.0,5001.0,5020.64990234375,975669
2023-08-24,4952.470703125,5026.85009765625,5166.0,4985.7998046875,5165.0,675077
2023-08-25,4927.93896484375,5001.9501953125,5030.0,4930.0,5020.0,479853
2023-08-28,5018.0849609375,5093.4501953125,5113.35009765625,5001.89990234375,5011.9501953125,669023
2023-08-29,4946.26318359375,5020.5498046875,5126.60009765625,5008.0,5115.0,425772
2023-08-30,4966.11572265625,5040.7001953125,5070.0,4990.0498046875,5045.75,327971
2023-08-31,5047.2470703125,5123.0498046875,5139.89990234375,5040.14990234375,5069.9501953125,484299
2023-09-01,5131.1865234375,5208.25,5220.0,5094.89990234375,5139.75,448449
2023-09-04,5141.333984375,5218.5498046875,5249.0498046875,5140.0,5235.0,355134
2023-09-05,5225.2734375,5303.75,5311.0,5211.4501953125,5224.0,464679
2023-09-06,5215.42138671875,5293.75,5333.0,5244.5,5308.7998046875,374585
2023-09-07,5108.67431640625,5185.39990234375,5315.0,5172.2001953125,5303.0,515569
2023-09-08,5122.369140625,5199.2998046875,5209.4501953125,5165.0,5187.0498046875,372420
2023-09-11,5071.77880859375,5147.9501953125,5221.7001953125,5127.2001953125,5213.14990234375,398409
2023-09-12,4869.27001953125,4942.39990234375,5200.0,4933.25,5189.85009765625,693209
2023-09-13,4968.775390625,5043.39990234375,5053.4501953125,4849.4501953125,4951.0,802559
2023-09-14,5091.48291015625,5167.9501953125,5178.35009765625,5045.25,5067.9501953125,513990
2023-09-15,5090.349609375,5166.7998046875,5197.4501953125,5116.35009765625,5174.0,350026
2023-09-18,5059.2666015625,5135.25,5198.14990234375,5122.60009765625,5182.0,188335
2023-09-20,5209.36279296875,5287.60009765625,5300.0,5118.25,5140.0,886432
2023-09-21,5144.58544921875,5221.85009765625,5358.5498046875,5184.0498046875,5300.0,788735
2023-09-22,5054.09423828125,5130.0,5241.5498046875,5085.0,5225.0,660080
2023-09-25,5129.56103515625,5206.60009765625,5262.9501953125,5086.0498046875,5151.0,702950
2023-09-26,5063.01025390625,5139.0498046875,5227.9501953125,5119.2998046875,5212.0498046875,382174
2023-09-27,5281.232421875,5360.5498046875,5375.5,5115.4501953125,5158.0,883496
2023-09-28,5208.2783203125,5286.5,5398.0,5259.0498046875,5360.5498046875,718228
2023-09-29,5263.99169921875,5343.0498046875,5381.89990234375,5254.14990234375,5275.0498046875,533039
2023-10-03,5293.7451171875,5373.25,5422.7001953125,5271.75,5325.0,630157
2023-10-04,5234.78076171875,5313.39990234375,5372.2998046875,5266.7998046875,5352.9501953125,553831
2023-10-05,5162.5654296875,5240.10009765625,5359.0,5230.2001953125,5336.9501953125,286121
2023-10-06,5181.431640625,5259.25,5335.0,5245.0,5272.7998046875,384926
2023-10-09,5102.3203125,5178.9501953125,5238.0,5140.14990234375,5202.10009765625,280349
2023-10-10,5128.23095703125,5205.25,5255.0498046875,5179.0,5200.39990234375,331263
2023-10-11,5150.939453125,5228.2998046875,5300.0,5202.10009765625,5238.0,400950
2023-10-12,5163.55029296875,5241.10009765625,5274.0,5213.4501953125,5250.0,433492
2023-10-13,5244.5341796875,5323.2998046875,5344.0,5214.2998046875,5230.35009765625,357812
2023-10-16,5340.2958984375,5420.5,5449.0,5336.7998046875,5345.0,727018
2023-10-17,5386.9453125,5467.85009765625,5485.0,5364.0498046875,5464.9501953125,741605
2023-10-18,5259.755859375,5338.75,5493.64990234375,5272.89990234375,5469.4501953125,1211440
2023-10-19,5218.62353515625,5297.0,5420.64990234375,5160.0498046875,5345.0,1423792
2023-10-20,5149.95458984375,5227.2998046875,5374.25,5195.0,5309.0,705270
2023-10-23,5077.88671875,5154.14990234375,5244.85009765625,5138.0,5244.85009765625,644285
2023-10-25,4948.8251953125,5023.14990234375,5187.5,5006.2001953125,5179.89990234375,694305
2023-10-26,4799.71435546875,4871.7998046875,4996.89990234375,4811.10009765625,4976.0,841759
2023-10-27,4903.06298828125,4976.7001953125,5008.9501953125,4876.35009765625,4900.0,652732
2023-10-30,4864.3935546875,4937.4501953125,5015.0,4891.2001953125,4999.0,554716
2023-10-31,4849.2705078125,4922.10009765625,4979.35009765625,4893.0498046875,4950.0,347116
2023-11-01,4828.1376953125,4900.64990234375,4965.0,4890.7998046875,4922.10009765625,385779
2023-11-02,4976.8544921875,5051.60009765625,5064.0,4926.0,4959.89990234375,624189
2023-11-03,4962.02685546875,5036.5498046875,5098.7998046875,5019.0498046875,5098.7998046875,318145
2023-11-06,5062.8134765625,5138.85009765625,5171.0,5049.35009765625,5068.0498046875,613383
2023-11-07,5040.05517578125,5115.75,5159.9501953125,5110.0,5159.9501953125,272225
2023-11-08,5052.51806640625,5128.39990234375,5164.75,5106.89990234375,5145.0,183790
2023-11-09,5057.34521484375,5133.2998046875,5152.39990234375,5115.0,5128.39990234375,155776
2023-11-10,5059.80810546875,5135.7998046875,5154.9501953125,5052.10009765625,5133.25,283963
2023-11-13,5056.11376953125,5132.0498046875,5149.4501953125,5073.0,5148.0498046875,337361
2023-11-15,5054.5380859375,5130.4501953125,5210.9501953125,5092.64990234375,5200.0,601215
2023-11-16,5190.98828125,5268.9501953125,5282.25,5113.60009765625,5138.5,528615
2023-11-17,5209.8056640625,5288.0498046875,5318.0,5235.39990234375,5269.0,289947
2023-11-20,5234.28759765625,5312.89990234375,5320.9501953125,5261.0498046875,5307.89990234375,339009
2023-11-21,5235.765625,5314.39990234375,5388.7998046875,5301.0,5326.10009765625,379315
2023-11-22,5234.435546875,5313.0498046875,5433.0,5282.5,5371.0,569920
2023-11-23,5148.4765625,5225.7998046875,5345.0498046875,5212.5498046875,5333.0,449488
2023-11-24,5202.07177734375,5280.2001953125,5311.4501953125,5204.5498046875,5254.0,637746
2023-11-28,5122.81201171875,5199.75,5309.0,5160.0,5309.0,849883
2023-11-29,5086.55712890625,5162.9501953125,5260.0,5150.14990234375,5230.0,637793
2023-11-30,5189.95361328125,5267.89990234375,5340.0,5156.2998046875,5200.0,6818392
2023-12-01,5157.09716796875,5234.5498046875,5344.0,5226.10009765625,5344.0,433155
2023-12-04,5262.5634765625,5341.60009765625,5355.7001953125,5268.0498046875,5300.0,487407
2023-12-05,5280.8388671875,5360.14990234375,5390.0,5270.0,5350.0,325063
2023-12-06,5240.24853515625,5318.9501953125,5418.0,5300.0498046875,5378.0,393732
2023-12-07,5339.75390625,5419.9501953125,5443.0,5290.5498046875,5330.0,338949
2023-12-08,5366.05859375,5446.64990234375,5520.7998046875,5392.5,5432.0,419779
2023-12-11,5607.7294921875,5691.9501953125,5710.35009765625,5446.0,5464.9501953125,973960
2023-12-12,5526.89306640625,5609.89990234375,5733.0,5580.0498046875,5700.0,524434
2023-12-13,5594.1337890625,5678.14990234375,5703.10009765625,5606.25,5639.0,320345
2023-12-14,5569.798828125,5653.4501953125,5719.10009765625,5630.0,5714.89990234375,351256
2023-12-15,5586.1044921875,5670.0,5700.0,5621.25,5688.14990234375,267973
2023-12-18,5594.724609375,5678.75,5713.4501953125,5637.0,5686.0,310923
2023-12-19,5527.87841796875,5610.89990234375,5698.9501953125,5573.0498046875,5692.5498046875,306765
2023-12-20,5416.64892578125,5498.0,5684.0,5461.0,5644.89990234375,345075
2023-12-21,5536.154296875,5619.2998046875,5627.0,5415.25,5489.0,242120
2023-12-22,5280.0009765625,5359.2998046875,5633.0,5305.64990234375,5633.0,1898658
2023-12-26,5314.9267578125,5394.75,5449.0,5309.0,5359.2998046875,682407
2023-12-27,5356.20703125,5436.64990234375,5458.0,5385.0498046875,5420.0,357111
2023-12-28,5378.17724609375,5458.9501953125,5493.85009765625,5435.0,5457.9501953125,233728
2023-12-29,5403.69384765625,5484.85009765625,5564.5498046875,5431.5498046875,5470.0,347319
2024-01-01,5383.84228515625,5464.7001953125,5530.4501953125,5449.9501953125,5500.0,146403
2024-01-02,5267.4892578125,5346.60009765625,5470.0,5330.0,5464.7001953125,281635
2024-01-03,5324.58154296875,5404.5498046875,5426.60009765625,5309.0,5340.0498046875,250172
2024-01-04,5314.779296875,5394.60009765625,5452.0,5337.14990234375,5404.5498046875,282732
2024-01-05,5321.3798828125,5401.2998046875,5441.85009765625,5358.0498046875,5433.0,140560
2024-01-08,5265.173828125,5344.25,5469.89990234375,5335.0,5400.0,346476
2024-01-09,4795.083984375,4867.10009765625,5403.0,4850.0,5389.89990234375,4167413
2024-01-10,4839.17236328125,4911.85009765625,5035.25,4863.35009765625,4995.9501953125,2695792
2024-01-11,3821.0625,3878.449951171875,4420.7001953125,3801.0,4420.7001953125,18029446
2024-01-12,3921.99658203125,3980.89990234375,4059.0,3905.0,3910.0,6218177
2024-01-15,4136.08203125,4198.2001953125,4254.39990234375,3975.0,4094.949951171875,3860786
2024-01-16,4276.57177734375,4340.7998046875,4361.0,4255.0,4290.0,2599390
2024-01-17,4373.61376953125,4439.2998046875,4490.0,4328.10009765625,4340.0,1928680
2024-01-18,4370.412109375,4436.0498046875,4549.0,3995.39990234375,4460.0,3940479
2024-01-19,4357.26025390625,4422.7001953125,4537.0,4250.0,4500.0,2042284
2024-01-23,4108.25,4169.9501953125,4399.0,4050.0,4350.0,1286472
2024-01-24,4297.16259765625,4361.7001953125,4400.0,4125.39990234375,4200.0,1879874
2024-01-25,4279.57666015625,4343.85009765625,4455.0,4283.14990234375,4350.0,1295034
2024-01-29,4281.89208984375,4346.2001953125,4408.5,4293.10009765625,4384.9501953125,878902
2024-01-30,4250.16796875,4314.0,4384.9501953125,4300.0,4375.0,432662
2024-01-31,4278.88623046875,4343.14990234375,4374.25,4291.0,4338.60009765625,522874
2024-02-01,4200.859375,4263.9501953125,4366.85009765625,4236.0,4350.0,651423
2024-02-02,4318.8369140625,4383.7001953125,4437.89990234375,4269.10009765625,4298.75,843638
2024-02-05,4320.36376953125,4385.25,4430.0,4346.10009765625,4370.0,542583
2024-02-06,4331.1025390625,4396.14990234375,4411.9501953125,4345.0,4399.0,400247
2024-02-07,4323.22119140625,4388.14990234375,4425.2001953125,4362.0,4415.0,362267
2024-02-08,4255.685546875,4319.60009765625,4420.35009765625,4297.85009765625,4400.0,448325
2024-02-09,4243.6162109375,4307.35009765625,4329.64990234375,4250.0,4319.60009765625,272191
2024-02-12,4280.90673828125,4345.2001953125,4365.7001953125,4286.14990234375,4309.0,761494
2024-02-13,4266.12841796875,4330.2001953125,4358.9501953125,4290.0,4340.0,387834
2024-02-14,4291.00537109375,4355.4501953125,4386.2001953125,4278.0,4300.0,261333
2024-02-15,4497.4052734375,4564.9501953125,4630.0,4340.64990234375,4361.35009765625,1011374
2024-02-16,4600.900390625,4670.0,4734.0,4515.10009765625,4650.0,1956433
2024-02-19,4698.0419921875,4768.60009765625,4824.89990234375,4643.89990234375,4709.9501953125,1125013
2024-02-20,4662.130859375,4732.14990234375,4819.7998046875,4696.35009765625,4776.9501953125,735136
2024-02-21,4646.8115234375,4716.60009765625,4765.89990234375,4685.10009765625,4759.89990234375,658619
2024-02-22,4646.8115234375,4716.60009765625,4741.39990234375,4652.35009765625,4731.85009765625,425946
2024-02-23,4730.75,4801.7998046875,4830.0,4721.10009765625,4739.0,506542
2024-02-26,4717.548828125,4788.39990234375,4867.60009765625,4709.0,4805.0,1005726
2024-02-27,4696.3671875,4766.89990234375,4800.0,4726.0,4800.0,525966
2024-02-28,4640.21044921875,4709.89990234375,4788.0,4666.0,4785.0,309601
2024-02-29,4679.5693359375,4749.85009765625,4797.9501953125,4663.2998046875,4709.10009765625,629330
2024-03-01,4736.31689453125,4807.4501953125,4829.0,4751.10009765625,4780.0,366189
2024-03-04,4721.29248046875,4792.2001953125,4811.2998046875,4730.9501953125,4777.0,417409
2024-03-05,4840.6005859375,4913.2998046875,4954.0,4752.0,4791.9501953125,735203
2024-03-06,4808.08837890625,4880.2998046875,4938.7998046875,4805.0,4930.9501953125,483453
2024-03-07,4818.63037109375,4891.0,4938.2998046875,4863.0498046875,4880.0,270473
2024-03-11,4860.8955078125,4933.89990234375,4992.0,4885.2001953125,4910.0,542531
2024-03-12,4783.015625,4854.85009765625,4965.0,4835.0,4933.89990234375,264101
2024-03-13,4708.189453125,4778.89990234375,4929.14990234375,4730.25,4835.14990234375,633146
2024-03-14,4817.79345703125,4890.14990234375,4927.9501953125,4752.39990234375,4760.0,379033
2024-03-15,4822.07861328125,4894.5,4918.0498046875,4775.0,4860.0498046875,345532
2024-03-18,4724.4453125,4795.39990234375,4915.0,4778.0,4885.0,433656
2024-03-19,4610.9990234375,4680.25,4819.39990234375,4670.5498046875,4810.0,272824
2024-03-20,4674.150390625,4744.35009765625,4838.9501953125,4635.0498046875,4700.0,445608
2024-03-21,4912.7666015625,4986.5498046875,5025.5,4770.0,4799.0,712776
2024-03-22,4837.25146484375,4909.89990234375,5037.64990234375,4850.0,4996.9501953125,594108
2024-03-26,4943.8994140625,5018.14990234375,5094.0,4886.5,4929.89990234375,497218
2024-03-27,4963.65234375,5038.2001953125,5136.2998046875,5026.85009765625,5058.0,407426
2024-03-28,4990.05615234375,5065.0,5116.0,5004.0,5042.0,359484
2024-04-01,5057.05029296875,5133.0,5151.0,5073.0,5073.0,271256
2024-04-02,5128.77294921875,5205.7998046875,5214.5498046875,5100.0,5151.25,392786
2024-04-03,5183.697265625,5261.5498046875,5289.0,5160.0,5180.0,338866
2024-04-04,5147.6396484375,5224.9501953125,5304.89990234375,5204.7001953125,5300.0,226936
2024-04-05,5237.93359375,5316.60009765625,5323.2998046875,5220.0,5226.0,296298
2024-04-08,5203.25390625,5281.39990234375,5390.0,5216.35009765625,5349.85009765625,484823
2024-04-09,5183.5498046875,5261.39990234375,5336.7998046875,5242.7998046875,5336.7998046875,197608
2024-04-10,5170.74267578125,5248.39990234375,5283.0,5196.89990234375,5260.0,282041
2024-04-12,5223.8935546875,5302.35009765625,5363.89990234375,5230.10009765625,5247.9501953125,338176
2024-04-15,5235.2236328125,5313.85009765625,5394.7001953125,5226.10009765625,5226.10009765625,550150
2024-04-16,5189.60888671875,5267.5498046875,5387.0,5241.10009765625,5302.5,342974
2024-04-18,5251.03662109375,5329.89990234375,5434.14990234375,5298.89990234375,5315.5498046875,440369
2024-04-19,5211.77587890625,5290.0498046875,5353.0,5230.0,5290.0,334073
2024-04-22,5353.2509765625,5433.64990234375,5454.7001953125,5315.89990234375,5331.0,397202
2024-04-23,5415.90966796875,5497.25,5525.0,5380.9501953125,5430.0,406322
2024-04-24,5511.03125,5593.7998046875,5618.10009765625,5494.7998046875,5497.25,305918
2024-04-25,5549.75,5633.10009765625,5689.89990234375,5590.0,5610.0,425165
2024-04-26,5510.88427734375,5593.64990234375,5651.85009765625,5547.0498046875,5582.0,510332
2024-04-29,5556.4990234375,5639.9501953125,5697.0,5573.0,5600.0,350075
2024-04-30,5582.705078125,5666.5498046875,5789.0,5630.0498046875,5630.0498046875,474928
2024-05-02,5706.79150390625,5792.5,5804.0,5691.0,5700.0,286240
2024-05-03,5745.8544921875,5832.14990234375,5869.89990234375,5751.0,5840.0,312177
2024-05-06,5814.22802734375,5901.5498046875,5939.7998046875,5800.0,5863.0,449452
2024-05-07,5722.85009765625,5808.7998046875,5948.85009765625,5680.0,5902.0,481713
2024-05-08,5833.931640625,5921.5498046875,5947.9501953125,5785.10009765625,5808.7998046875,306101
2024-05-09,5717.62890625,5803.5,5949.0,5786.0,5919.0,271663
2024-05-10,6064.56787109375,6155.64990234375,6362.9501953125,5762.0,5844.0,3423107
2024-05-13,6335.74560546875,6430.89990234375,6468.89990234375,6222.25,6269.0,1788362
2024-05-14,6229.9833984375,6323.5498046875,6480.0,6250.89990234375,6430.0,507179
2024-05-15,6371.21240234375,6466.89990234375,6534.7001953125,6284.35009765625,6397.85009765625,671424
2024-05-16,6374.5625,6470.2998046875,6531.75,6420.0,6482.14990234375,343819
2024-05-17,6394.90673828125,6490.9501953125,6542.89990234375,6451.10009765625,6510.9501953125,305803
2024-05-21,6594.50927734375,6693.5498046875,6843.9501953125,6500.5,6500.5,957271
2024-05-22,6464.70849609375,6561.7998046875,6778.0,6530.0,6778.0,426788
2024-05-23,6543.86962890625,6642.14990234375,6740.0,6592.14990234375,6602.39990234375,476201
2024-05-24,6585.24853515625,6684.14990234375,6741.4501953125,6635.0498046875,6647.85009765625,239053
2024-05-27,6738.2509765625,6839.4501953125,6900.0,6701.5,6722.0,756028
2024-05-28,6607.3662109375,6706.60009765625,6899.85009765625,6685.0,6870.0,298627
2024-05-29,6647.9072265625,6747.75,6778.9501953125,6650.0498046875,6700.0,240288
2024-05-30,6614.75537109375,6714.10009765625,6767.0,6698.0,6747.75,232385
2024-05-31,6641.8974609375,6741.64990234375,6852.0,6621.5498046875,6741.89990234375,1118735
2024-06-03,6826.623046875,6929.14990234375,7116.2001953125,6845.39990234375,7000.0,571071
2024-06-04,6360.67138671875,6456.2001953125,7025.5498046875,6211.35009765625,7000.0,1324429
2024-06-05,6688.0048828125,6788.4501953125,6820.0,6137.0,6598.0,700772
2024-06-06,6757.26513671875,6858.75,6980.0,6808.2001953125,6900.0,237858
2024-06-07,6745.14697265625,6846.4501953125,6886.25,6810.0,6862.25,180893
2024-06-10,6698.30029296875,6798.89990234375,6950.0,6730.0,6887.60009765625,636790
2024-06-11,6894.35595703125,6997.89990234375,7039.89990234375,6778.0,6850.7998046875,435671
2024-06-12,6898.3955078125,7002.0,7094.2998046875,6960.0,7010.0,297295
2024-06-13,6942.9267578125,7047.2001953125,7067.39990234375,6942.0,7050.0,378833
2024-06-14,6975.142578125,7079.89990234375,7140.0,7000.25,7050.0,409053
2024-06-18,7005.04345703125,7110.25,7147.39990234375,7061.39990234375,7120.0,194223
2024-06-19,6899.08544921875,7002.7001953125,7174.75,6980.0,7144.0,319124
2024-06-20,6853.52001953125,6956.4501953125,7025.5,6905.0,7002.7001953125,224893
2024-06-21,6986.6201171875,7091.5498046875,7215.0,6947.14990234375,7010.0,776401
2024-06-24,7153.1689453125,7260.60009765625,7293.2998046875,6985.0,7000.0,631243
2024-06-25,7120.6572265625,7227.60009765625,7331.4501953125,7191.14990234375,7309.9501953125,292396
2024-06-26,7074.1064453125,7180.35009765625,7323.9501953125,7164.0498046875,7211.85009765625,298420
2024-06-27,6885.833984375,6989.25,7319.89990234375,6960.0,7250.0,1135404
2024-06-28,6639.77978515625,6739.5,6823.2998046875,6616.0,6768.0,8853879
2024-07-01,6636.2822265625,6735.9501953125,6780.0,6704.0,6750.0,488374
2024-07-02,6530.02783203125,6628.10009765625,6786.0,6544.10009765625,6759.7998046875,818252
2024-07-03,6612.39111328125,6711.7001953125,6734.0,6606.9501953125,6628.35009765625,656496
2024-07-04,6562.88427734375,6661.4501953125,6775.0,6651.2998046875,6775.0,348211
2024-07-05,6535.93896484375,6634.10009765625,6699.0,6600.14990234375,6675.0,222128
2024-07-08,6449.7333984375,6546.60009765625,6675.0,6535.0,6639.0,560888
2024-07-09,6387.92431640625,6454.14990234375,6592.0,6415.7001953125,6577.4501953125,547696
2024-07-10,6293.0576171875,6358.2998046875,6477.2998046875,6311.10009765625,6456.75,381571
2024-07-11,6551.0830078125,6619.0,6639.9501953125,6384.10009765625,6388.89990234375,973579
2024-07-12,6513.47265625,6581.0,6645.10009765625,6511.0,6643.9501953125,499047
2024-07-15,6599.431640625,6667.85009765625,6693.0,6516.0,6591.0,423404
2024-07-16,6561.17822265625,6629.2001953125,6717.85009765625,6608.85009765625,6694.7998046875,232566
2024-07-18,6485.017578125,6552.25,6713.35009765625,6494.5498046875,6600.0,1507949
2024-07-19,6284.6943359375,6349.85009765625,6524.85009765625,6257.5,6500.0,1038301
2024-07-22,6224.46875,6289.0,6423.4501953125,6238.9501953125,6330.0,689230
2024-07-23,6142.96337890625,6206.64990234375,6322.14990234375,5930.0498046875,6301.60009765625,618868
2024-07-24,6257.3779296875,6322.25,6375.5,6186.7001953125,6204.0498046875,628120
2024-07-25,6361.49853515625,6427.4501953125,6457.60009765625,6239.25,6310.0,589561
2024-07-26,6481.306640625,6548.5,6564.75,6408.5498046875,6440.0,477709
2024-07-29,6515.99609375,6583.5498046875,6639.75,6540.0,6584.9501953125,386209
2024-07-30,6613.18896484375,6681.75,6701.0,6554.64990234375,6583.0,531991
2024-07-31,6787.82861328125,6858.2001953125,6882.0,6681.75,6681.75,806650
2024-08-01,6705.53173828125,6775.0498046875,6906.0,6760.0,6900.0,248158
2024-08-02,6682.22314453125,6751.5,6839.9501953125,6674.7998046875,6678.5498046875,285579
2024-08-05,6391.53662109375,6457.7998046875,6617.9501953125,6432.0,6525.0,361050
2024-08-06,6347.3447265625,6413.14990234375,6611.14990234375,6386.4501953125,6521.2998046875,366504
2024-08-07,6638.57568359375,6707.39990234375,6750.0,6480.60009765625,6489.7001953125,348385
2024-08-08,6564.34521484375,6632.39990234375,6708.0,6615.10009765625,6700.0,211234
2024-08-09,6582.4580078125,6650.7001953125,6729.9501953125,6608.0,6708.0498046875,118749
2024-08-12,6517.580078125,6585.14990234375,6656.0498046875,6548.35009765625,6632.0,400058
2024-08-13,6347.98828125,6413.7998046875,6607.85009765625,6381.5,6585.5498046875,198328
2024-08-14,6347.54296875,6413.35009765625,6439.9501953125,6308.75,6433.85009765625,258704
2024-08-16,6605.86474609375,6674.35009765625,6709.0,6415.0498046875,6460.0,479575
2024-08-19,6549.00439453125,6616.89990234375,6700.0,6495.0498046875,6700.0,567049
2024-08-20,6716.369140625,6786.0,6884.0,6673.25,6770.0,1067336
2024-08-21,6718.0517578125,6787.7001953125,6844.0,6736.0498046875,6800.0,357548
2024-08-22,6761.8974609375,6832.0,6870.0,6768.7998046875,6824.0,352837
2024-08-23,6684.84619140625,6754.14990234375,6850.85009765625,6736.0,6790.0,191477
2024-08-26,6697.0693359375,6766.5,6804.89990234375,6722.2998046875,6804.89990234375,230388
2024-08-27,6700.087890625,6769.5498046875,6812.85009765625,6730.0,6788.9501953125,200927
2024-08-28,6718.59619140625,6788.25,6825.0,6751.0,6806.0,206801
2024-08-29,6674.30517578125,6743.5,6855.0,6706.2001953125,6820.0,352648
2024-08-30,6743.48828125,6813.39990234375,6862.2998046875,6750.0498046875,6770.0,414118
2024-09-02,6649.06689453125,6718.0,6840.7998046875,6698.4501953125,6839.9501953125,159217
2024-09-03,6697.712890625,6767.14990234375,6790.0,6698.7998046875,6718.0,176221
2024-09-04,6648.126953125,6717.0498046875,6752.9501953125,6676.75,6710.0,183073
2024-09-05,6580.57666015625,6648.7998046875,6739.64990234375,6476.2998046875,6723.75,700511
2024-09-06,6552.765625,6620.7001953125,6692.9501953125,6585.0,6649.0,222473
2024-09-09,6595.62109375,6664.0,6701.64990234375,6575.0,6580.0,527457
2024-09-10,6618.78125,6687.39990234375,6735.10009765625,6650.0,6679.2001953125,147853
2024-09-11,6741.11279296875,6811.0,6844.4501953125,6672.0,6715.0,581267
2024-09-12,6777.93115234375,6848.2001953125,6890.0,6805.0,6849.9501953125,263580
2024-09-13,6683.5595703125,6752.85009765625,6924.5,6745.0,6860.0,395742
2024-09-16,6655.45068359375,6724.4501953125,6828.0,6710.0498046875,6800.0,337211
2024-09-17,6622.73974609375,6691.39990234375,6752.7998046875,6680.7998046875,6750.0,106032
2024-09-18,6598.78857421875,6667.2001953125,6729.9501953125,6648.0,6700.0,282119
2024-09-19,6409.4013671875,6475.85009765625,6739.0498046875,6425.5498046875,6690.0,391188
2024-09-20,6492.044921875,6559.35009765625,6583.35009765625,6460.0498046875,6499.89990234375,309437
2024-09-23,6541.234375,6609.0498046875,6633.9501953125,6525.0,6600.0,265590
2024-09-24,6589.43505859375,6657.75,6705.7998046875,6530.0,6635.0,416396
2024-09-25,6617.34619140625,6685.9501953125,6705.0,6583.35009765625,6659.89990234375,289831
2024-09-26,6678.16552734375,6747.39990234375,6774.64990234375,6664.0,6700.0,536672
2024-09-27,6982.41064453125,7054.7998046875,7119.0,6735.89990234375,6753.7001953125,1291485
2024-09-30,6883.8330078125,6955.2001953125,7068.89990234375,6909.0,7065.0,303374
2024-10-01,7251.37255859375,7326.5498046875,7353.5498046875,6902.39990234375,6987.9501953125,1221518
2024-10-03,7256.96484375,7332.2001953125,7430.0,7200.0,7202.2998046875,885592
2024-10-04,7111.2255859375,7184.9501953125,7393.4501953125,7170.0,7329.0,467877
2024-10-07,7004.2841796875,7076.89990234375,7245.5,6980.10009765625,7187.0,438613
2024-10-08,7188.22705078125,7262.75,7297.89990234375,7036.0,7077.0,410534
2024-10-09,7320.7529296875,7396.64990234375,7438.0,7250.0,7300.0,369028
2024-10-10,7376.376953125,7452.85009765625,7585.5,7381.7001953125,7425.0,470788
2024-10-11,7370.4384765625,7446.85009765625,7493.14990234375,7365.0,7493.14990234375,177393
2024-10-14,7406.61328125,7483.39990234375,7509.9501953125,7338.0,7385.0,311238
2024-10-15,7412.4521484375,7489.2998046875,7605.0,7393.5,7508.9501953125,209845
2024-10-16,7107.81103515625,7181.5,7520.89990234375,7160.25,7480.0,482049
2024-10-17,7047.486328125,7120.5498046875,7307.7998046875,7013.5498046875,7156.2001953125,734999
2024-10-18,7047.337890625,7120.39990234375,7170.0,6612.0,6699.9501953125,1967388
2024-10-21,6779.46484375,6849.75,7243.9501953125,6795.75,7155.0,842387
2024-10-22,6583.19970703125,6651.4501953125,6840.0,6590.0498046875,6840.0,720095
2024-10-23,6593.3447265625,6661.7001953125,6765.0,6592.0,6620.0,461038
2024-10-24,6435.62939453125,6502.35009765625,6650.0,6490.0,6650.0,313821
2024-10-25,6389.16162109375,6455.39990234375,6541.7998046875,6382.0,6510.0,324913
2024-10-28,6303.8955078125,6369.25,6524.5498046875,6344.0,6500.0,318609
2024-10-29,6332.3505859375,6398.0,6439.7998046875,6308.0,6404.9501953125,208968
2024-10-30,6328.73779296875,6394.35009765625,6479.9501953125,6335.0,6430.0,275703
2024-10-31,6413.9052734375,6480.39990234375,6500.75,6342.0,6394.7001953125,259567
2024-11-01,6435.08544921875,6501.7998046875,6531.39990234375,6450.0,6500.0,26757
2024-11-04,6456.0185546875,6522.9501953125,6553.14990234375,6383.2001953125,6505.0,285465
2024-11-05,6564.49365234375,6632.5498046875,6655.4501953125,6371.39990234375,6577.0498046875,532984
2024-11-06,6813.31396484375,6883.9501953125,6935.0,6700.0,6700.0,667866
2024-11-07,6746.8037109375,6816.75,6950.0,6802.75,6950.0,240697
2024-11-08,6656.78662109375,6725.7998046875,6839.89990234375,6685.0,6839.85009765625,164756
2024-11-11,6639.5654296875,6708.39990234375,6798.75,6626.4501953125,6725.7998046875,175932
2024-11-12,6436.02587890625,6502.75,6756.0,6486.10009765625,6720.0,199839
2024-11-13,6263.31640625,6328.25,6479.9501953125,6264.14990234375,6465.0,232394
2024-11-14,6237.236328125,6301.89990234375,6400.0,6277.4501953125,6334.9501953125,191359
2024-11-18,6378.521484375,6444.64990234375,6485.7001953125,6257.5,6295.89990234375,455631
2024-11-19,6450.1787109375,6517.0498046875,6610.39990234375,6460.0,6493.0,197471
2024-11-21,6342.59423828125,6408.35009765625,6532.0,6390.0498046875,6525.0,199200
2024-11-22,6552.5673828125,6620.5,6645.5,6408.35009765625,6415.0,191475
2024-11-25,6696.72265625,6766.14990234375,6821.0,6701.2001953125,6810.0,369729
2024-11-26,6802.1298828125,6872.64990234375,6885.0,6740.0,6800.0,218029
2024-11-27,6971.7216796875,7044.0,7087.4501953125,6828.14990234375,6870.5,497850
2024-11-28,7075.8427734375,7149.2001953125,7165.25,7039.2998046875,7100.0,620605
2024-11-29,7223.0166015625,7297.89990234375,7320.0,7110.0,7175.5,500991
2024-12-02,7276.51220703125,7351.9501953125,7393.0,7290.14990234375,7308.0,229302
2024-12-03,7336.44091796875,7412.5,7429.14990234375,7302.0,7352.0,270695
2024-12-04,7225.1943359375,7300.10009765625,7479.0,7272.0,7420.9501953125,213014
2024-12-05,7266.2685546875,7341.60009765625,7386.85009765625,7273.64990234375,7325.2998046875,299865
2024-12-06,7242.86083984375,7317.9501953125,7362.39990234375,7281.9501953125,7362.39990234375,106871
2024-12-09,7362.0751953125,7438.39990234375,7451.0,7295.10009765625,7317.9501953125,228256
2024-12-10,7366.4794921875,7442.85009765625,7470.0,7373.64990234375,7450.0,233072
2024-12-11,7325.30615234375,7401.25,7458.4501953125,7385.0,7458.4501953125,96608
2024-12-12,7409.58251953125,7486.39990234375,7524.7998046875,7385.0,7401.25,206603
2024-12-13,7444.96533203125,7522.14990234375,7565.0,7402.4501953125,7459.9501953125,320336
2024-12-16,7463.96875,7541.35009765625,7595.0,7505.0,7529.35009765625,150287
2024-12-17,7406.2666015625,7483.0498046875,7550.0,7451.0,7550.0,199765
2024-12-18,7337.2822265625,7413.35009765625,7495.14990234375,7372.10009765625,7483.0498046875,167097
2024-12-19,7416.60986328125,7493.5,7512.10009765625,7300.0,7350.0,240206
2024-12-20,7104.59423828125,7178.25,7593.5,7150.10009765625,7510.0,340963
2024-12-23,7045.30908203125,7118.35009765625,7268.4501953125,7081.64990234375,7180.0,245937
2024-12-24,7019.0810546875,7091.85009765625,7149.0,7022.0,7118.35009765625,122770
2024-12-26,7071.28955078125,7144.60009765625,7160.5,7050.0,7091.85009765625,153820
2024-12-27,7075.89208984375,7149.25,7200.0,7086.0,7144.60009765625,147479
2024-12-30,7208.91259765625,7283.64990234375,7328.0,7145.2001953125,7185.0,378267
2024-12-31,7197.72900390625,7272.35009765625,7362.7001953125,7182.0498046875,7290.0,164893
2025-01-01,7266.0703125,7341.39990234375,7365.7998046875,7202.7998046875,7285.0,113918
2025-01-02,7314.81494140625,7390.64990234375,7440.0,7280.0498046875,7341.39990234375,162726
2025-01-03,7134.0390625,7208.0,7438.0,7169.7001953125,7400.0,209835
2025-01-06,6877.0537109375,6948.35009765625,7235.5498046875,6925.60009765625,7215.0,268937
2025-01-07,7089.3525390625,7162.85009765625,7190.0,6968.89990234375,7009.89990234375,262756
2025-01-08,6833.75244140625,6904.60009765625,7150.0,6820.0498046875,7150.0,271536
2025-01-09,6680.04541015625,6749.2998046875,7000.0,6734.9501953125,7000.0,174394
2025-01-10,6471.85400390625,6538.9501953125,6760.0,6500.0,6750.60009765625,177818
2025-01-13,6187.650390625,6251.7998046875,6537.2998046875,6228.14990234375,6451.0498046875,282470
2025-01-14,6408.263671875,6474.7001953125,6508.35009765625,6185.5498046875,6259.89990234375,566958
2025-01-15,6384.6083984375,6450.7998046875,6599.0,6390.14990234375,6500.0,325741
2025-01-16,6596.95751953125,6665.35009765625,6710.0,6522.2998046875,6522.2998046875,213590
2025-01-17,6710.13427734375,6779.7001953125,6824.0,6592.0,6592.0,358371
2025-01-20,6737.69775390625,6807.5498046875,6825.0,6700.0,6790.0,138197
2025-01-21,6492.34130859375,6559.64990234375,6821.60009765625,6526.35009765625,6820.0,380639
2025-01-22,6101.09814453125,6164.35009765625,6605.9501953125,5982.0,6597.89990234375,1654348
2025-01-23,6186.759765625,6250.89990234375,6464.0,6143.5498046875,6179.9501953125,1215099
2025-01-24,5855.09814453125,5915.7998046875,6407.85009765625,5891.2001953125,6293.89990234375,1354910
2025-01-27,5585.5927734375,5643.5,5879.14990234375,5590.0498046875,5879.14990234375,835702
2025-01-28,5616.4228515625,5674.64990234375,5760.0,5485.9501953125,5650.9501953125,640961
2025-01-29,5770.42578125,5830.25,5906.0,5690.25,5705.5,430356
2025-01-30,5729.05517578125,5788.4501953125,5889.89990234375,5729.2998046875,5870.0,475573
2025-01-31,5975.9951171875,6037.9501953125,6053.60009765625,5718.60009765625,5809.9501953125,680372
2025-02-01,5785.7177734375,5845.7001953125,6080.9501953125,5670.0,6080.9501953125,407366
2025-02-03,5797.64404296875,5857.75,5919.7998046875,5745.0498046875,5834.4501953125,405813
2025-02-04,5902.70458984375,5963.89990234375,5987.0,5860.0498046875,5866.7001953125,326464
2025-02-05,5975.3515625,6037.2998046875,6092.25,5964.5498046875,6039.0,341372
2025-02-06,5798.88134765625,5859.0,6062.60009765625,5850.0,6058.39990234375,191057
2025-02-07,5809.4716796875,5869.7001953125,5950.0,5828.0498046875,5889.89990234375,158629
2025-02-10,5589.25439453125,5647.2001953125,5910.85009765625,5616.9501953125,5910.85009765625,540742
2025-02-11,5451.53173828125,5508.0498046875,5667.0,5392.14990234375,5655.0,515222
2025-02-12,5583.4150390625,5641.2998046875,5706.0,5374.0,5500.0498046875,695730
2025-02-13,5493.9921875,5550.9501953125,5704.75,5528.64990234375,5670.0,191040
2025-02-14,5360.673828125,5416.25,5597.9501953125,5354.0498046875,5582.2001953125,401884
2025-02-17,5358.6455078125,5414.2001953125,5431.2001953125,5269.25,5379.4501953125,333358
2025-02-18,5381.1123046875,5436.89990234375,5465.0,5290.0,5400.0,272045
2025-02-19,5542.6376953125,5600.10009765625,5624.35009765625,5355.0498046875,5420.0,348483
2025-02-20,5697.185546875,5756.25,5783.85009765625,5550.39990234375,5574.0,288846
2025-02-21,5780.17529296875,5840.10009765625,5869.14990234375,5751.0,5756.25,603944
2025-02-24,5781.3623046875,5841.2998046875,5852.0,5714.0,5771.0,450544
2025-02-25,5706.439453125,5765.60009765625,5837.0498046875,5731.0,5823.25,141031
2025-02-27,4631.533203125,4679.5498046875,5400.0,4656.0,5400.0,5050980
2025-02-28,4665.0361328125,4713.39990234375,4907.0,4555.0,4650.0,6042777
2025-03-03,4820.87060546875,4870.85009765625,4937.7998046875,4581.0498046875,4830.75,4415862
2025-03-04,4854.818359375,4905.14990234375,4964.0,4795.89990234375,4840.0,1108919
2025-03-05,5019.263671875,5071.2998046875,5085.0,4900.0,4900.0,1164455
2025-03-06,5024.50927734375,5076.60009765625,5155.0,5035.5498046875,5144.2001953125,535365
2025-03-07,5011.494140625,5063.4501953125,5105.89990234375,4998.7001953125,5075.0,370527
2025-03-10,4889.75634765625,4940.4501953125,5109.9501953125,4912.5498046875,5079.0,372497
2025-03-11,4857.4912109375,4907.85009765625,4935.0,4810.0,4870.2998046875,302464
2025-03-12,4957.35546875,5008.75,5020.0,4900.0,4947.2998046875,377661
2025-03-13,4951.763671875,5003.10009765625,5114.0,4960.0,5100.0,449569
2025-03-17,4968.09423828125,5019.60009765625,5074.85009765625,4894.2001953125,5003.10009765625,518771
2025-03-18,4968.09423828125,5019.60009765625,5019.60009765625,5019.60009765625,5019.60009765625,0
2025-03-19,5382.5966796875,5438.39990234375,5456.10009765625,5165.0,5210.0,644101
2025-03-20,5031.2392578125,5083.39990234375,5242.0498046875,4913.64990234375,5225.0,4100652
2025-03-21,4941.07421875,4992.2998046875,5139.0,4980.0,5100.0,1428921
2025-03-24,4973.88427734375,5025.4501953125,5061.7001953125,4977.0498046875,5020.0,1060661
2025-03-25,5099.28369140625,5152.14990234375,5198.7998046875,5060.0,5069.7998046875,1184080
2025-03-26,5097.99755859375,5150.85009765625,5221.0,5112.89990234375,5168.0,475269
2025-03-27,5163.02294921875,5216.5498046875,5255.0,4990.0,5138.0498046875,633018
2025-03-28,5095.12744140625,5147.9501953125,5258.0,5107.5498046875,5235.64990234375,449930
2025-04-01,5050.24267578125,5102.60009765625,5159.7001953125,5062.4501953125,5091.0,281666
2025-04-02,5231.51318359375,5285.75,5305.0,4985.0,5112.0,661417
2025-04-03,5150.3544921875,5203.75,5264.89990234375,5164.60009765625,5200.0,320013
2025-04-04,4989.02734375,5040.75,5203.0,4981.0,5203.0,421875
2025-04-07,4883.966796875,4934.60009765625,4964.0,4567.0,4650.0,497046
2025-04-08,4934.9873046875,4986.14990234375,5100.0,4925.0,4990.0,283588
2025-04-09,4953.6435546875,5005.0,5028.2998046875,4890.0,4985.60009765625,195312
2025-04-11,5040.98876953125,5093.25,5178.7001953125,5045.0,5090.0,338270
2025-04-15,5195.63525390625,5249.5,5261.5,5124.0,5180.0,383428
2025-04-16,5245.1220703125,5299.5,5335.0,5222.5,5258.0,301161
2025-04-17,5238.68896484375,5293.0,5336.5,5245.5,5288.0,259527
2025-04-21,5356.96240234375,5412.5,5438.0,5280.0,5301.0,224054
2025-04-22,5449.50341796875,5506.0,5569.0,5436.5,5450.5,633870
2025-04-23,5556.8896484375,5614.5,5625.5,5462.0,5585.0,374348
2025-04-24,5455.9365234375,5512.5,5630.0,5490.0,5614.5,264678
2025-04-25,5450.49267578125,5507.0,5585.0,5386.0,5540.0,669725
2025-04-28,5540.55908203125,5598.0,5617.5,5455.5,5483.5,278907
2025-04-29,5513.341796875,5570.5,5694.0,5553.5,5598.0,264199
2025-04-30,5463.359375,5520.0,5604.0,5464.0,5570.5,248922
2025-05-02,5403.97509765625,5460.0,5584.0,5445.5,5499.0,163134
2025-05-05,5735.53759765625,5795.0,5809.0,5535.5,5535.5,669348
2025-05-06,5845.39892578125,5906.0,6077.5,5725.0,5829.5,2645488
2025-05-07,5826.0986328125,5886.5,6058.0,5826.0,5899.5,807608
2025-05-08,5705.845703125,5765.0,5948.0,5725.0,5938.0,394295
2025-05-09,5707.33056640625,5766.5,5788.5,5600.0,5600.0,356853
2025-05-12,5931.01123046875,5992.5,6017.5,5881.5,5964.5,305557
2025-05-13,5945.857421875,6007.5,6054.5,5952.5,5992.5,222006
2025-05-14,5919.62939453125,5981.0,6035.0,5911.5,6008.0,272460
2025-05-15,5980.00341796875,6042.0,6070.0,5987.0,6009.0,252483
2025-05-16,6031.96484375,6094.5,6116.0,6016.5,6069.0,233003
2025-05-19,6039.88232421875,6102.5,6167.0,6061.5,6100.0,186495
2025-05-20,5951.7958984375,6013.5,6157.0,5992.0,6157.0,204127
2025-05-21,5992.8701171875,6055.0,6075.5,5980.5,6029.0,124116
2025-05-22,5886.9677734375,5948.0,6055.0,5892.0,6055.0,356912
2025-05-23,5823.12939453125,5883.5,5990.0,5866.0,5980.0,323816
2025-05-26,5888.45263671875,5949.5,5968.0,5908.5,5940.0,120578
2025-05-27,5902.8037109375,5964.0,6023.0,5911.0,5930.0,219023
2025-05-28,5995.34423828125,6057.5,6090.0,5943.0,5999.0,286060
2025-05-29,5940.90869140625,6002.5,6099.5,5961.5,6090.0,215817
2025-05-30,5929.5263671875,5991.0,6045.0,5958.5,6014.0,286739
2025-06-02,5865.6884765625,5926.5,6012.0,5910.0,5982.0,170390
2025-06-03,5810.75830078125,5871.0,5980.0,5852.5,5963.0,137818
2025-06-04,5836.49072265625,5897.0,5909.5,5830.0,5900.0,150898
2025-06-05,5919.13427734375,5980.5,6020.0,5872.0,5900.0,218509
2025-06-06,6045.82080078125,6108.5,6119.0,5957.5,6000.0,319429
2025-06-09,6080.95654296875,6144.0,6260.0,6134.0,6158.0,287704
2025-06-10,6075.0185546875,6138.0,6190.0,6103.0,6190.0,142972
2025-06-11,6103.22607421875,6166.5,6218.5,6120.5,6120.5,158096
2025-06-12,5987.92138671875,6050.0,6167.0,6010.0,6167.0,244951
2025-06-13,5968.62158203125,6030.5,6049.5,5760.0,5760.0,199145
2025-06-16,6044.33642578125,6107.0,6133.0,5975.0,6005.0,192518
2025-06-17,5979.5087890625,6041.5,6124.5,5970.0,6114.0,327846
2025-06-18,5927.54736328125,5989.0,6229.5,5980.0,6200.5,646632
2025-06-19,5762.2607421875,5822.0,6015.0,5787.0,5992.0,466216
2025-06-20,5938.92919921875,6000.5,6015.5,5800.0,5825.0,659919
2025-06-23,6224.9638671875,6289.5,6334.0,5975.0,6000.5,935253
2025-06-24,6313.54345703125,6343.5,6426.5,6259.0,6309.0,608610
2025-06-25,6410.5830078125,6441.0,6495.0,6346.0,6358.5,480549
2025-06-26,6437.953125,6468.5,6496.5,6390.0,6450.0,294479
2025-06-27,6455.37060546875,6486.0,6586.0,6470.0,6480.0,417426
2025-06-30,6520.0634765625,6551.0,6565.5,6468.5,6486.0,180007
2025-07-01,6632.52978515625,6664.0,6689.0,6560.0,6560.5,317256
2025-07-02,6736.03857421875,6768.0,6778.0,6638.0,6680.0,407342
2025-07-03,6775.35205078125,6807.5,6869.5,6743.0,6775.0,349404
2025-07-04,6685.77734375,6717.5,6871.0,6661.5,6828.0,457714
2025-07-07,6668.35986328125,6700.0,6739.5,6605.0,6700.0,183853
2025-07-08,6716.630859375,6748.5,6760.5,6625.0,6670.0,159641
2025-07-09,6684.2841796875,6716.0,6796.0,6670.0,6748.5,303920
2025-07-10,6748.97705078125,6781.0,6809.0,6690.5,6740.0,249936
2025-07-11,6673.833984375,6705.5,6794.0,6645.5,6770.5,310579
2025-07-14,6764.404296875,6796.5,6880.0,6722.5,6782.5,407039
2025-07-15,6911.705078125,6944.5,6955.5,6800.0,6803.5,418898
2025-07-16,6915.1884765625,6948.0,7009.5,6929.0,6930.0,289082
2025-07-17,6853.4814453125,6886.0,6976.5,6815.0,6969.0,907510
2025-07-18,6893.29248046875,6926.0,7080.0,6896.0,6992.0,1599277
2025-07-21,7008.74462890625,7042.0,7061.0,6822.5,6955.0,356365
2025-07-22,6927.62939453125,6960.5,7079.5,6945.0,7042.0,267070
2025-07-23,6852.486328125,6885.0,6995.0,6850.0,6994.0,297076
2025-07-24,6808.69384765625,6841.0,6930.0,6803.0,6925.0,240792
2025-07-25,6702.69677734375,6734.5,6840.0,6714.5,6840.0,183817
2025-07-28,6805.21044921875,6837.5,6851.0,6725.0,6749.5,253763
2025-07-29,6929.6201171875,6962.5,6977.0,6790.0,6833.0,258467
2025-07-30,6898.26904296875,6931.0,6986.0,6871.0,6980.0,218429
2025-07-31,6788.78857421875,6821.0,6885.0,6701.0,6848.0,677598
2025-08-01,6666.369140625,6698.0,6859.5,6680.0,6820.5,246544
2025-08-04,6886.8232421875,6919.5,6938.0,6683.0,6744.5,367819
2025-08-05,6892.794921875,6925.5,6953.5,6884.5,6931.5,208115
2025-08-06,6792.76953125,6825.0,6950.0,6680.0,6950.0,444662
2025-08-07,6848.5048828125,6881.0,6903.5,6746.0,6790.0,193378
2025-08-08,6709.166015625,6741.0,6905.0,6718.5,6852.5,148921
2025-08-11,6725.58837890625,6757.5,6810.0,6675.5,6759.5,140792
2025-08-12,6771.37109375,6803.5,6823.0,6620.0,6764.0,522463
2025-08-13,6933.103515625,6966.0,6980.5,6820.0,6827.0,255672
2025-08-14,6937.0849609375,6970.0,6983.0,6904.5,6975.0,143368
2025-08-18,7053.5322265625,7087.0,7185.0,7009.0,7025.0,459379
2025-08-19,7083.390625,7117.0,7135.0,7024.0,7094.0,187122
2025-08-20,7124.19677734375,7158.0,7208.0,7120.0,7129.0,217222
2025-08-21,7051.0439453125,7084.5,7177.0,7067.0,7158.0,139514
2025-08-22,7066.96826171875,7100.5,7164.0,7059.5,7100.0,172189
2025-08-25,7038.10546875,7071.5,7155.5,7057.5,7148.5,116097
2025-08-26,7030.640625,7064.0,7096.0,6985.0,7027.5,187129
2025-08-28,7072.93994140625,7106.5,7170.0,6985.0,7099.0,275286
2025-08-29,7057.51318359375,7091.0,7180.0,7070.0,7114.5,260270
2025-09-01,7110.7607421875,7144.5,7159.5,7059.0,7126.5,150419
2025-09-02,7144.60009765625,7178.5,7199.0,7113.0,7149.0,130949
2025-09-03,7200.83349609375,7235.0,7245.0,7157.5,7175.0,265000
2025-09-04,7222.7294921875,7257.0,7325.0,7236.0,7250.0,197453
2025-09-05,7193.8662109375,7228.0,7315.5,7218.5,7288.0,143952
2025-09-08,7289.91064453125,7324.5,7384.5,7230.0,7230.0,234488
2025-09-09,7159.03173828125,7193.0,7371.5,7174.5,7360.0,160736
2025-09-10,7174.9560546875,7209.0,7271.0,7196.5,7254.0,133081
2025-09-11,7199.34033203125,7233.5,7284.5,7148.5,7240.0,178711
2025-09-12,7220.2412109375,7254.5,7310.0,7235.5,7250.5,218090
2025-09-15,7215.7626953125,7250.0,7280.0,7130.0,7260.0,161143
2025-09-16,7360.07763671875,7395.0,7401.0,7241.5,7250.5,209209
2025-09-17,7324.24755859375,7359.0,7439.0,7302.0,7439.0,269888
2025-09-18,7405.36279296875,7440.5,7452.0,7350.0,7359.5,184784
2025-09-19,7513.3505859375,7549.0,7568.0,7424.0,7440.5,370166
2025-09-22,7620.84033203125,7657.0,7714.0,7505.0,7549.0,415876
2025-09-23,7584.01513671875,7620.0,7697.0,7561.5,7650.0,317133
2025-09-24,7496.92822265625,7532.5,7623.5,7505.0,7590.0,352940
2025-09-25,7372.5185546875,7407.5,7600.0,7381.5,7580.0,464674
2025-09-26,7287.919921875,7322.5,7506.0,7272.0,7425.0,244407
2025-09-29,7243.63037109375,7278.0,7369.5,7259.5,7325.0,248137
2025-09-30,7251.59228515625,7286.0,7317.0,7205.0,7285.0,183924
2025-10-01,7316.28564453125,7351.0,7373.0,7275.0,7334.0,112742
2025-10-03,7358.08740234375,7393.0,7415.0,7309.5,7390.0,140544
2025-10-06,7579.53662109375,7615.5,7644.0,7400.5,7407.5,213779
2025-10-07,7559.630859375,7595.5,7638.5,7555.0,7625.0,110181
2025-10-08,7552.16650390625,7588.0,7675.0,7523.5,7600.0,150765
2025-10-09,7594.96337890625,7631.0,7641.0,7546.5,7588.0,96611
2025-10-10,7693.49560546875,7730.0,7794.5,7645.0,7645.0,236521
2025-10-13,7649.2060546875,7685.5,7748.0,7608.0,7700.0,129001
2025-10-14,7572.07177734375,7608.0,7724.5,7570.5,7700.0,163491
2025-10-15,7622.33349609375,7658.5,7723.5,7593.5,7608.0,115511
2025-10-16,7542.21337890625,7578.0,7705.0,7470.0,7700.0,186760
2025-10-17,7404.36767578125,7439.5,7619.5,7239.5,7593.0,1113487
2025-10-20,7637.2626953125,7673.5,7700.0,7511.0,7530.0,526263
2025-10-21,7569.0859375,7605.0,7697.5,7572.5,7694.0,65121
2025-10-23,7482.99462890625,7518.5,7689.5,7500.0,7660.0,250081
2025-10-24,7477.5205078125,7513.0,7605.0,7466.5,7550.0,202587
2025-10-27,7630.29541015625,7666.5,7702.0,7483.5,7514.5,276608
2025-10-28,7474.53466796875,7510.0,7719.0,7478.0,7667.0,761477
2025-10-29,7698.9697265625,7735.5,7758.0,7514.5,7520.0,211944
2025-10-30,7807.95263671875,7845.0,7868.5,7698.0,7735.0,345825
2025-10-31,7667.61865234375,7704.0,7903.0,7684.5,7865.0,324713
2025-11-03,7590.484375,7626.5,7775.0,7584.5,7704.0,240686
2025-11-04,7524.29833984375,7560.0,7667.5,7548.5,7617.0,162179
2025-11-06,7555.64990234375,7591.5,7670.0,7572.5,7585.0,201409
2025-11-07,7506.38330078125,7542.0,7589.5,7451.5,7585.0,127993
2025-11-10,7572.07177734375,7608.0,7662.5,7500.5,7560.0,112624
2025-11-11,7623.32861328125,7659.5,7690.0,7549.0,7620.0,105930
2025-11-12,7643.73193359375,7680.0,7745.5,7634.5,7688.0,129351
2025-11-13,7684.5380859375,7721.0,7816.0,7637.5,7662.5,182942
2025-11-14,7595.95849609375,7632.0,7747.5,7602.5,7740.0,127917
2025-11-17,7646.7177734375,7683.0,7708.5,7580.5,7630.0,146747
2025-11-18,7624.82177734375,7661.0,7730.0,7650.0,7679.5,255512
2025-11-19,7651.69384765625,7688.0,7704.0,7641.0,7663.0,138316
2025-11-20,7612.38037109375,7648.5,7740.0,7630.5,7700.0,220950
2025-11-21,7485.48291015625,7521.0,7648.0,7506.0,7648.0,169885
2025-11-24,7391.9267578125,7427.0,7550.0,7390.5,7550.0,305698
2025-11-25,7403.8701171875,7439.0,7520.0,7384.0,7420.0,130117
2025-11-26,7503.3974609375,7539.0,7568.5,7416.0,7429.5,132131
2025-11-27,7443.68115234375,7479.0,7560.0,7425.0,7560.0,170964
2025-11-28,7434.7236328125,7470.0,7520.0,7451.5,7489.0,223708
2025-12-01,7366.04931640625,7401.0,7530.0,7382.5,7478.0,199441
2025-12-02,7312.30419921875,7347.0,7462.5,7281.0,7409.5,185659
2025-12-03,7192.87109375,7227.0,7370.0,7206.5,7370.0,278984
2025-12-04,7313.79736328125,7348.5,7382.5,7233.0,7250.0,179869
2025-12-05,7222.7294921875,7257.0,7336.0,7171.0,7321.0,191949
2025-12-08,6991.8251953125,7025.0,7265.5,7007.5,7257.0,217567
2025-12-09,7160.02685546875,7194.0,7214.5,6932.0,7025.0,222653
2025-12-10,7105.28662109375,7139.0,7268.5,7110.0,7219.0,126487
2025-12-11,7184.4111328125,7218.5,7307.0,7120.0,7120.0,295740
2025-12-12,7242.13720703125,7276.5,7298.0,7193.5,7230.0,158727
2025-12-15,7304.83984375,7339.5,7355.0,7223.5,7250.5,121874
2025-12-16,7326.73583984375,7361.5,7402.5,7264.5,7323.0,267325
2025-12-17,7046.06787109375,7079.5,7341.0,7031.0,7341.0,1779522
2025-12-18,7065.4755859375,7099.0,7145.0,7022.5,7079.5,194054
2025-12-19,7403.8701171875,7439.0,7455.0,7087.0,7090.0,630329
2025-12-22,7567.095703125,7603.0,7648.0,7450.0,7450.0,390893
2025-12-23,7608.89697265625,7645.0,7680.5,7580.0,7605.0,256703
2025-12-24,7594.4658203125,7630.5,7678.0,7611.0,7644.5,94994
2025-12-26,7520.81494140625,7556.5,7672.5,7531.5,7610.0,134764
2025-12-29,7458.11279296875,7493.5,7611.5,7462.0,7547.5,206255
2025-12-30,7461.59619140625,7497.0,7596.5,7470.0,7475.0,370086
2025-12-31,7583.02001953125,7619.0,7659.5,7498.0,7498.0,235002
2026-01-01,7636.76513671875,7673.0,7695.0,7520.0,7615.0,139174
2026-01-02,7761.1748046875,7798.0,7821.0,7664.5,7676.5,192881
2026-01-05,7725.3447265625,7762.0,7840.5,7584.5,7840.5,1133200
2026-01-06,7758.6865234375,7795.5,7868.5,7737.0,7752.0,365681
2026-01-07,7859.70703125,7897.0,7935.0,7764.0,7764.0,365640
2026-01-08,7713.89892578125,7750.5,7948.0,7723.0,7871.5,327505
2026-01-09,7648.7080078125,7685.0,7775.5,7629.0,7740.0,309566
2026-01-12,7592.97265625,7629.0,7710.0,7576.5,7700.0,265168
2026-01-13,7519.322265625,7555.0,7663.5,7402.0,7640.0,436635
2026-01-14,7288.91552734375,7323.5,7538.0,7303.5,7328.0,1655893
2026-01-15,7288.91552734375,7323.5,7323.5,7323.5,7323.5,0
2026-01-16,7087.869140625,7121.5,7359.0,7019.5,7301.0,819635
2026-01-19,7382.96923828125,7418.0,7440.5,7157.0,7182.5,1189009
2026-01-20,7041.09130859375,7074.5,7427.5,7050.0,7420.0,569182
2026-01-21,6942.06103515625,6975.0,7044.5,6808.0,7000.0,773107
2026-01-22,6965.94775390625,6999.0,7098.0,6980.5,7050.0,435717
2026-01-23,6690.255859375,6722.0,7050.0,6705.5,7050.0,368113
2026-01-27,6734.04833984375,6766.0,6810.0,6663.0,6805.5,479067
2026-01-28,6895.283203125,6928.0,6938.5,6802.5,6829.0,351390
2026-01-29,6984.3603515625,7017.5,7034.0,6850.0,6900.0,339387
2026-01-30,6980.37939453125,7013.5,7037.5,6915.0,7029.5,396287
2026-02-02,7003.2705078125,7036.5,7070.0,6800.0,6800.5,292881
2026-02-03,7469.55810546875,7505.0,7699.5,7360.0,7400.0,916405
2026-02-04,7593.9677734375,7630.0,7666.0,7420.0,7504.0,354745
2026-02-05,7500.90966796875,7536.5,7613.0,7503.0,7600.0,194719
2026-02-06,7587.49853515625,7623.5,7643.5,7524.0,7536.5,142827
2026-02-09,7751.2216796875,7788.0,7844.5,7645.5,7679.0,262430
2026-02-10,7705.9365234375,7742.5,7794.0,7706.0,7790.0,131347
2026-02-11,7777.09912109375,7814.0,7825.0,7756.0,7789.5,119349
2026-02-12,7731.31640625,7768.0,7799.0,7730.0,7781.0,145735
2026-02-13,7551.66845703125,7587.5,7764.0,7565.0,7760.5,160046
2026-02-16,7599.939453125,7636.0,7674.0,7536.0,7617.5,107865
2026-02-17,7705.43896484375,7742.0,7754.5,7616.0,7650.0,90445
2026-02-18,7793.0234375,7830.0,7838.5,7753.5,7777.0,162110
2026-02-19,7741.26904296875,7778.0,7898.5,7720.0,7830.0,264268
2026-02-20,7831.83935546875,7869.0,7932.0,7710.0,7780.0,393536
2026-02-23,7936.34326171875,7974.0,8005.0,7830.0,7939.0,328097
2026-02-24,8082.15185546875,8120.5,8147.5,7911.0,7969.0,858763
2026-02-25,8309.0751953125,8348.5,8407.5,8119.5,8120.5,886874
2026-02-26,8465.8310546875,8506.0,8539.5,8345.0,8348.5,629664
2026-02-27,8569.837890625,8610.5,8722.0,8469.5,8502.0,926904
2026-03-02,8508.130859375,8548.5,8696.5,8400.0,8400.0,653618
2026-03-04,8244.8798828125,8284.0,8475.0,8266.5,8420.0,485905
2026-03-05,8523.5576171875,8564.0,8586.0,8272.0,8331.0,504469
2026-03-06,8511.6142578125,8552.0,8630.0,8480.0,8562.0,287941
2026-03-09,8189.6416015625,8228.5,8455.0,8180.0,8450.0,498043
2026-03-10,7686.52880859375,7723.0,8363.0,7684.0,8363.0,1056999
2026-03-11,7394.4150390625,7429.5,7707.5,7383.0,7690.0,1095711
2026-03-12,7419.79443359375,7455.0,7538.0,7282.0,7400.0,498945
2026-03-13,7159.529296875,7193.5,7429.5,7118.0,7429.5,629203
2026-03-16,7093.34326171875,7127.0,7224.5,7008.0,7203.0,459070
2026-03-17,7132.65673828125,7166.5,7194.5,7050.0,7150.0,353172
2026-03-18,7339.67431640625,7374.5,7409.0,7176.5,7200.0,683932
2026-03-19,7146.09326171875,7180.0,7288.0,7101.5,7277.0,642482
2026-03-20,7137.1357421875,7171.0,7346.5,7126.0,7205.0,450944
2026-03-23,6762.9111328125,6795.0,7100.0,6750.0,7100.0,652615
2026-03-24,7031.138671875,7064.5,7141.0,6774.5,7001.5,902790
2026-03-25,7111.25830078125,7145.0,7271.0,7104.0,7120.0,491517
2026-03-27,7033.62646484375,7067.0,7109.5,6935.0,7046.0,580456
2026-03-30,6811.18212890625,6843.5,7017.5,6800.0,6941.5,550269
2026-04-01,6892.29736328125,6925.0,7188.0,6882.0,7148.5,424350
2026-04-02,6845.51904296875,6878.0,6906.0,6690.5,6860.0,387042
2026-04-06,7013.72119140625,7047.0,7075.0,6817.0,6925.0,345105
2026-04-07,7192.87109375,7227.0,7239.5,6942.5,7035.5,344147
2026-04-08,7564.607421875,7600.5,7648.5,7442.0,7450.0,713512
2026-04-09,7571.07666015625,7607.0,7663.5,7515.5,7599.0,419514
2026-04-10,7691.50537109375,7728.0,7804.0,7632.5,7632.5,490409
2026-04-13,7512.35498046875,7548.0,7604.0,7435.5,7511.5,493179
2026-04-15,7754.20751953125,7791.0,7855.0,7675.0,7675.0,494604
2026-04-16,7866.17626953125,7903.5,7930.0,7772.5,7845.0,272451
2026-04-17,8143.85888671875,8182.5,8224.5,7910.0,7950.0,683294
2026-04-20,8159.783203125,8198.5,8285.0,8049.0,8182.5,403635
2026-04-21,7917.9306640625,7955.5,8305.0,7925.5,8200.0,443095
2026-04-22,8000.041015625,8038.0,8103.0,7897.0,7945.0,468978
2026-04-23,7925.89306640625,7963.5,8125.0,7950.0,8000.0,482518
2026-04-24,7995.06494140625,8033.0,8088.0,7901.0,8000.0,616686
2026-04-27,8027.4111328125,8065.5,8147.0,8020.0,8087.5,291146
2026-04-28,8215.021484375,8254.0,8290.0,8040.0,8040.0,363780
2026-04-29,8110.01953125,8148.5,8338.5,8119.0,8300.0,263510
2026-04-30,8072.19873046875,8110.5,8163.5,7970.5,8132.5,415486
2026-05-01,8072.19873046875,8110.5,8110.5,8110.5,8110.5,0
2026-05-04,8305.09375,8344.5,8363.0,8062.5,8110.5,435059
2026-05-05,8297.62890625,8337.0,8374.0,8154.0,8347.5,462166
2026-05-06,8375.7587890625,8415.5,8525.0,8355.5,8400.0,1084637
2026-05-07,8960.484375,9003.0,9050.0,8450.0,8499.0,1837111
2026-05-08,9040.1064453125,9083.0,9159.0,8952.5,9030.0,613457
2026-05-11,9022.6884765625,9065.5,9136.0,8963.0,9004.5,261216
2026-05-12,8978.896484375,9021.5,9220.0,8979.0,9115.0,617924
2026-05-13,8845.529296875,8887.5,9072.5,8865.0,8991.0,423358
2026-05-14,9173.970703125,9217.5,9239.0,8925.5,8948.0,360127
2026-05-15,9109.2783203125,9152.5,9267.5,9100.0,9262.5,202982
2026-05-18,9107.78515625,9151.0,9170.0,8943.5,9100.0,295160
2026-05-19,9119.23046875,9162.5,9293.5,9090.0,9171.0,337327
2026-05-20,9155.55859375,9199.0,9238.0,9016.5,9068.0,320359
2026-05-21,9150.083984375,9193.5,9309.5,9176.0,9235.0,231631
2026-05-22,9219.75390625,9263.5,9316.5,9194.0,9227.5,177024
2026-05-25,9354.1162109375,9398.5,9424.0,9296.0,9320.0,252126
2026-05-26,9568.1005859375,9613.5,9669.5,9358.0,9369.5,424144
2026-05-27,9618.3623046875,9664.0,9696.0,9561.0,9613.5,219320
2026-05-28,9618.3623046875,9664.0,9664.0,9664.0,9664.0,0
2026-05-29,9432.7431640625,9477.5,9747.0,9426.0,9700.0,496089
2026-06-01,9435.7294921875,9480.5,9599.0,9383.0,9501.0,216109
2026-06-02,9486.48828125,9531.5,9555.5,9320.5,9420.0,256995
2026-06-03,9526.2998046875,9571.5,9640.0,9479.5,9525.0,162922
2026-06-04,9671.6103515625,9717.5,9774.5,9532.5,9565.0,259390
2026-06-05,9653.197265625,9699.0,9833.0,9656.0,9755.0,256030
2026-06-08,9450.1611328125,9495.0,9699.0,9432.5,9590.5,199100
2026-06-09,9570.091796875,9615.5,9698.0,9423.5,9502.0,232863
2026-06-10,9478.5263671875,9523.5,9684.5,9478.5,9621.0,391667
2026-06-11,9327.7412109375,9372.0,9525.0,9352.5,9480.0,187312
2026-06-12,9508.8818359375,9554.0,9576.0,9383.0,9480.0,162406
2026-06-15,9510.873046875,9556.0,9681.0,9540.0,9679.5,197986
2026-06-16,9546.205078125,9591.5,9671.0,9475.0,9600.0,339718
2026-06-17,9879.623046875,9926.5,9987.5,9600.0,9600.0,591839
2026-06-18,9905.5,9952.5,10014.0,9905.0,9949.0,264707
2026-06-19,10083.0,10083.0,10120.0,9831.0,9900.0,470348
2026-06-22,10022.5,10022.5,10126.0,9992.0,10090.0,157543
2026-06-23,9920.5,9920.5,10075.0,9891.5,10022.5,260444
2026-06-24,9692.5,9692.5,9939.5,9675.0,9900.0,338045
2026-06-25,9531.0,9531.0,9753.5,9516.5,9700.0,407574
2026-06-26,9531.0,9531.0,9531.0,9531.0,9531.0,0
2026-06-29,9779.0,9779.0,9972.0,9420.5,9664.0,1261915
2026-06-30,9961.0,9961.0,10008.0,9597.0,9710.0,452560
2026-07-01,9713.5,9713.5,9979.5,9671.0,9979.5,344920
2026-07-02,9635.0,9635.0,9754.0,9570.0,9749.0,305059
2026-07-03,9548.5,9548.5,9698.5,9531.0,9688.0,229401
2026-07-06,9584.0,9584.0,9612.0,9495.0,9600.0,189331
2026-07-07,9401.0,9401.0,9595.5,9355.0,9589.5,178259
2026-07-08,9234.0,9234.0,9412.0,9181.0,9348.0,273126
2026-07-09,9074.0,9074.0,9329.0,9001.0,9280.0,487544
2026-07-10,9210.5,9210.5,9232.0,9085.0,9149.0,396730
2026-07-13,9306.5,9306.5,9427.0,9153.0,9190.0,378532
2026-07-14,9532.5,9532.5,9564.0,9228.0,9304.5,464552
2026-07-15,9324.5,9324.5,9632.5,9292.0,9514.0,414572
2026-07-16,9215.0,9215.0,9415.0,9071.5,9301.5,806800
2026-07-17,8862.0,8862.0,9170.0,8826.0,9169.5,727314
2026-07-20,8885.0,8885.0,8937.5,8791.0,8847.0,262460
2026-07-21,8903.5,8903.5,8952.0,8831.0,8913.5,240641
2026-07-22,9090.5,9090.5,9199.5,8885.0,8901.0,588610
2026-07-23,8910.5,8910.5,9162.0,8908.0,9088.0,305996
